product_id,warehouse_id,current_stock,reorder_point,safety_stock,last_updated
85123A,W002,137,79,14,2026-06-30 20:00:49.794904
71053,W001,341,40,16,2026-06-30 20:00:49.794904
84406B,W002,246,58,28,2026-06-30 20:00:49.794904
84029G,W002,437,39,16,2026-06-30 20:00:49.794904
84029E,W002,289,47,24,2026-06-30 20:00:49.794904
22752,W002,313,48,15,2026-06-30 20:00:49.794904
21730,W002,312,32,12,2026-06-30 20:00:49.794904
22633,W003,319,52,22,2026-06-30 20:00:49.794904
22632,W001,265,40,14,2026-06-30 20:00:49.794904
84879,W003,462,45,14,2026-06-30 20:00:49.794904
22745,W003,255,36,19,2026-06-30 20:00:49.794904
22748,W003,169,60,12,2026-06-30 20:00:49.794904
22749,W002,477,32,16,2026-06-30 20:00:49.794904
22310,W002,290,76,15,2026-06-30 20:00:49.794904
84969,W002,28,47,25,2026-06-30 20:00:49.794904
22623,W002,139,33,10,2026-06-30 20:00:49.794904
22622,W003,91,57,17,2026-06-30 20:00:49.794904
21754,W003,166,66,28,2026-06-30 20:00:49.794904
21755,W002,369,78,14,2026-06-30 20:00:49.794904
21777,W001,320,65,30,2026-06-30 20:00:49.794904
48187,W001,139,67,28,2026-06-30 20:00:49.794904
22960,W002,412,33,20,2026-06-30 20:00:49.794904
22913,W002,428,37,28,2026-06-30 20:00:49.794904
22912,W001,109,53,12,2026-06-30 20:00:49.794904
22914,W003,146,79,24,2026-06-30 20:00:49.794904
21756,W002,84,49,13,2026-06-30 20:00:49.794904
22728,W002,237,78,15,2026-06-30 20:00:49.794904
22727,W002,434,30,28,2026-06-30 20:00:49.794904
22726,W003,305,45,19,2026-06-30 20:00:49.794904
21724,W002,210,62,19,2026-06-30 20:00:49.794904
21883,W001,172,44,27,2026-06-30 20:00:49.794904
10002,W003,336,49,16,2026-06-30 20:00:49.794904
21791,W002,161,65,10,2026-06-30 20:00:49.794904
21035,W002,214,31,18,2026-06-30 20:00:49.794904
22326,W002,380,67,11,2026-06-30 20:00:49.794904
22629,W003,243,80,17,2026-06-30 20:00:49.794904
22659,W003,135,40,11,2026-06-30 20:00:49.794904
22631,W002,416,43,23,2026-06-30 20:00:49.794904
22661,W003,89,30,19,2026-06-30 20:00:49.794904
21731,W001,347,46,10,2026-06-30 20:00:49.794904
22900,W001,29,68,29,2026-06-30 20:00:49.794904
21913,W001,95,77,13,2026-06-30 20:00:49.794904
22540,W001,394,58,25,2026-06-30 20:00:49.794904
22544,W002,239,51,21,2026-06-30 20:00:49.794904
22492,W003,466,68,15,2026-06-30 20:00:49.794904
POST,W001,417,77,10,2026-06-30 20:00:49.794904
22086,W003,290,47,23,2026-06-30 20:00:49.794904
20679,W002,313,39,15,2026-06-30 20:00:49.794904
37370,W002,272,53,20,2026-06-30 20:00:49.794904
21871,W001,399,73,14,2026-06-30 20:00:49.794904
21071,W002,256,62,18,2026-06-30 20:00:49.794904
21068,W001,253,46,26,2026-06-30 20:00:49.794904
82483,W003,386,52,27,2026-06-30 20:00:49.794904
82486,W001,105,60,25,2026-06-30 20:00:49.794904
82482,W002,438,71,30,2026-06-30 20:00:49.794904
82494L,W003,169,46,19,2026-06-30 20:00:49.794904
21258,W002,124,32,23,2026-06-30 20:00:49.794904
22114,W002,61,70,11,2026-06-30 20:00:49.794904
21733,W001,79,67,16,2026-06-30 20:00:49.794904
22386,W001,243,71,27,2026-06-30 20:00:49.794904
85099C,W001,238,54,13,2026-06-30 20:00:49.794904
21033,W002,58,48,10,2026-06-30 20:00:49.794904
20723,W002,494,41,16,2026-06-30 20:00:49.794904
84997B,W002,400,40,14,2026-06-30 20:00:49.794904
84997C,W001,50,37,26,2026-06-30 20:00:49.794904
21094,W001,363,42,11,2026-06-30 20:00:49.794904
20725,W002,223,44,24,2026-06-30 20:00:49.794904
21559,W001,404,55,14,2026-06-30 20:00:49.794904
22352,W001,38,47,27,2026-06-30 20:00:49.794904
21212,W002,236,50,19,2026-06-30 20:00:49.794904
21975,W001,439,78,17,2026-06-30 20:00:49.794904
21977,W001,55,71,14,2026-06-30 20:00:49.794904
84991,W002,163,66,17,2026-06-30 20:00:49.794904
84519A,W003,172,72,25,2026-06-30 20:00:49.794904
85183B,W001,475,72,13,2026-06-30 20:00:49.794904
85071B,W003,382,73,12,2026-06-30 20:00:49.794904
21931,W003,132,48,23,2026-06-30 20:00:49.794904
21929,W003,273,46,16,2026-06-30 20:00:49.794904
22961,W002,362,43,27,2026-06-30 20:00:49.794904
22139,W001,85,38,25,2026-06-30 20:00:49.794904
84854,W003,490,73,11,2026-06-30 20:00:49.794904
22411,W002,164,71,13,2026-06-30 20:00:49.794904
82567,W002,462,52,21,2026-06-30 20:00:49.794904
21672,W002,222,79,26,2026-06-30 20:00:49.794904
22774,W002,296,45,13,2026-06-30 20:00:49.794904
22771,W001,193,46,15,2026-06-30 20:00:49.794904
71270,W002,136,63,30,2026-06-30 20:00:49.794904
22262,W001,91,76,21,2026-06-30 20:00:49.794904
22637,W003,96,34,21,2026-06-30 20:00:49.794904
21934,W003,50,48,23,2026-06-30 20:00:49.794904
21169,W002,76,34,15,2026-06-30 20:00:49.794904
21166,W002,384,51,29,2026-06-30 20:00:49.794904
21175,W002,404,62,14,2026-06-30 20:00:49.794904
37444A,W001,126,36,25,2026-06-30 20:00:49.794904
37444C,W003,368,41,15,2026-06-30 20:00:49.794904
22083,W003,410,63,18,2026-06-30 20:00:49.794904
84971S,W001,243,35,30,2026-06-30 20:00:49.794904
47580,W002,344,34,13,2026-06-30 20:00:49.794904
22261,W003,133,32,16,2026-06-30 20:00:49.794904
84832,W001,128,36,10,2026-06-30 20:00:49.794904
22644,W003,146,43,21,2026-06-30 20:00:49.794904
21533,W003,363,42,22,2026-06-30 20:00:49.794904
21557,W001,273,75,16,2026-06-30 20:00:49.794904
15056BL,W001,233,68,27,2026-06-30 20:00:49.794904
15056N,W001,230,47,26,2026-06-30 20:00:49.794904
22646,W003,197,44,27,2026-06-30 20:00:49.794904
22176,W003,119,39,11,2026-06-30 20:00:49.794904
22438,W001,324,40,17,2026-06-30 20:00:49.794904
22778,W003,408,34,12,2026-06-30 20:00:49.794904
22719,W003,460,31,15,2026-06-30 20:00:49.794904
21523,W003,61,74,30,2026-06-30 20:00:49.794904
D,W002,351,36,25,2026-06-30 20:00:49.794904
21912,W002,481,38,25,2026-06-30 20:00:49.794904
21832,W001,139,63,18,2026-06-30 20:00:49.794904
22379,W003,72,50,23,2026-06-30 20:00:49.794904
22381,W003,352,68,17,2026-06-30 20:00:49.794904
22798,W001,459,57,12,2026-06-30 20:00:49.794904
22926,W001,354,71,29,2026-06-30 20:00:49.794904
22839,W003,201,75,22,2026-06-30 20:00:49.794904
22838,W002,474,66,23,2026-06-30 20:00:49.794904
22783,W002,339,61,10,2026-06-30 20:00:49.794904
35004C,W003,341,54,13,2026-06-30 20:00:49.794904
82484,W003,135,60,13,2026-06-30 20:00:49.794904
84755,W002,276,38,11,2026-06-30 20:00:49.794904
22464,W003,366,37,12,2026-06-30 20:00:49.794904
21324,W002,462,57,27,2026-06-30 20:00:49.794904
22457,W001,405,36,12,2026-06-30 20:00:49.794904
22469,W003,271,49,23,2026-06-30 20:00:49.794904
22470,W002,500,47,15,2026-06-30 20:00:49.794904
22224,W002,439,67,29,2026-06-30 20:00:49.794904
21340,W001,456,76,17,2026-06-30 20:00:49.794904
22189,W002,492,78,10,2026-06-30 20:00:49.794904
22427,W003,231,44,11,2026-06-30 20:00:49.794904
22428,W003,360,35,18,2026-06-30 20:00:49.794904
22424,W002,259,37,12,2026-06-30 20:00:49.794904
22663,W002,360,42,16,2026-06-30 20:00:49.794904
85049A,W001,244,33,17,2026-06-30 20:00:49.794904
22168,W001,166,72,22,2026-06-30 20:00:49.794904
22662,W001,351,39,20,2026-06-30 20:00:49.794904
84880,W003,384,65,22,2026-06-30 20:00:49.794904
85099B,W001,373,59,23,2026-06-30 20:00:49.794904
79321,W003,390,67,23,2026-06-30 20:00:49.794904
22780,W002,275,42,15,2026-06-30 20:00:49.794904
22779,W001,438,51,14,2026-06-30 20:00:49.794904
22466,W001,99,70,22,2026-06-30 20:00:49.794904
21363,W001,207,36,15,2026-06-30 20:00:49.794904
21411,W002,126,36,15,2026-06-30 20:00:49.794904
22318,W001,150,33,30,2026-06-30 20:00:49.794904
22915,W003,236,31,13,2026-06-30 20:00:49.794904
22922,W002,481,64,10,2026-06-30 20:00:49.794904
22969,W002,340,80,16,2026-06-30 20:00:49.794904
22923,W002,426,66,23,2026-06-30 20:00:49.794904
21115,W002,322,39,16,2026-06-30 20:00:49.794904
22242,W003,408,56,24,2026-06-30 20:00:49.794904
22941,W001,356,73,15,2026-06-30 20:00:49.794904
21622,W002,169,51,30,2026-06-30 20:00:49.794904
35004G,W001,477,50,13,2026-06-30 20:00:49.794904
85014B,W003,63,51,14,2026-06-30 20:00:49.794904
85014A,W003,279,46,17,2026-06-30 20:00:49.794904
22193,W002,367,45,14,2026-06-30 20:00:49.794904
22192,W001,84,56,17,2026-06-30 20:00:49.794904
22191,W003,50,63,28,2026-06-30 20:00:49.794904
22195,W003,443,56,15,2026-06-30 20:00:49.794904
22196,W003,424,66,24,2026-06-30 20:00:49.794904
22962,W003,297,40,25,2026-06-30 20:00:49.794904
22963,W003,363,53,10,2026-06-30 20:00:49.794904
22968,W001,417,58,19,2026-06-30 20:00:49.794904
84970S,W002,416,79,11,2026-06-30 20:00:49.794904
22910,W003,126,64,17,2026-06-30 20:00:49.794904
20668,W001,366,52,24,2026-06-30 20:00:49.794904
22197,W001,422,70,11,2026-06-30 20:00:49.794904
22198,W003,216,37,13,2026-06-30 20:00:49.794904
21080,W003,272,80,20,2026-06-30 20:00:49.794904
21086,W001,42,47,30,2026-06-30 20:00:49.794904
21786,W002,80,59,26,2026-06-30 20:00:49.794904
22654,W002,140,63,19,2026-06-30 20:00:49.794904
21485,W003,58,59,28,2026-06-30 20:00:49.794904
84030E,W002,317,78,12,2026-06-30 20:00:49.794904
22174,W003,35,67,14,2026-06-30 20:00:49.794904
22556,W003,364,77,29,2026-06-30 20:00:49.794904
21984,W003,21,31,19,2026-06-30 20:00:49.794904
21983,W002,62,36,18,2026-06-30 20:00:49.794904
21980,W002,180,43,11,2026-06-30 20:00:49.794904
21484,W002,379,59,11,2026-06-30 20:00:49.794904
22557,W002,480,72,24,2026-06-30 20:00:49.794904
22553,W003,166,44,12,2026-06-30 20:00:49.794904
22150,W002,429,48,12,2026-06-30 20:00:49.794904
22619,W002,278,71,20,2026-06-30 20:00:49.794904
21891,W001,106,53,15,2026-06-30 20:00:49.794904
21889,W002,273,37,16,2026-06-30 20:00:49.794904
22827,W001,25,50,30,2026-06-30 20:00:49.794904
22127,W003,316,50,11,2026-06-30 20:00:49.794904
22128,W001,452,67,30,2026-06-30 20:00:49.794904
22502,W001,168,52,18,2026-06-30 20:00:49.794904
22338,W002,333,46,28,2026-06-30 20:00:49.794904
22180,W001,500,67,29,2026-06-30 20:00:49.794904
21506,W003,115,47,14,2026-06-30 20:00:49.794904
22866,W001,393,77,16,2026-06-30 20:00:49.794904
22865,W001,346,69,19,2026-06-30 20:00:49.794904
22349,W001,356,36,16,2026-06-30 20:00:49.794904
22558,W001,375,75,22,2026-06-30 20:00:49.794904
85152,W001,56,45,11,2026-06-30 20:00:49.794904
22652,W003,112,45,11,2026-06-30 20:00:49.794904
22188,W001,218,39,25,2026-06-30 20:00:49.794904
21314,W002,416,37,30,2026-06-30 20:00:49.794904
22730,W001,112,50,16,2026-06-30 20:00:49.794904
22729,W002,25,41,15,2026-06-30 20:00:49.794904
22867,W003,142,71,12,2026-06-30 20:00:49.794904
22803,W001,226,33,21,2026-06-30 20:00:49.794904
35004B,W003,222,39,22,2026-06-30 20:00:49.794904
21844,W002,30,57,27,2026-06-30 20:00:49.794904
22468,W002,391,54,29,2026-06-30 20:00:49.794904
48185,W002,29,70,28,2026-06-30 20:00:49.794904
21232,W001,481,32,30,2026-06-30 20:00:49.794904
22064,W002,73,60,27,2026-06-30 20:00:49.794904
22449,W001,31,54,28,2026-06-30 20:00:49.794904
22835,W002,109,78,12,2026-06-30 20:00:49.794904
22112,W001,274,59,19,2026-06-30 20:00:49.794904
21479,W003,79,51,11,2026-06-30 20:00:49.794904
22111,W003,302,77,27,2026-06-30 20:00:49.794904
22110,W002,124,58,19,2026-06-30 20:00:49.794904
22098,W001,104,73,26,2026-06-30 20:00:49.794904
22100,W002,33,68,17,2026-06-30 20:00:49.794904
22766,W001,185,38,30,2026-06-30 20:00:49.794904
22451,W001,114,75,15,2026-06-30 20:00:49.794904
22549,W002,371,33,14,2026-06-30 20:00:49.794904
84744,W002,449,57,27,2026-06-30 20:00:49.794904
85049E,W003,403,59,26,2026-06-30 20:00:49.794904
21328,W002,66,53,26,2026-06-30 20:00:49.794904
17091A,W002,145,51,10,2026-06-30 20:00:49.794904
22473,W003,206,79,25,2026-06-30 20:00:49.794904
84509A,W003,156,71,28,2026-06-30 20:00:49.794904
84510A,W002,389,37,25,2026-06-30 20:00:49.794904
22767,W003,385,69,23,2026-06-30 20:00:49.794904
22768,W003,62,64,23,2026-06-30 20:00:49.794904
21463,W001,212,66,28,2026-06-30 20:00:49.794904
21464,W001,249,49,13,2026-06-30 20:00:49.794904
20820,W002,236,68,10,2026-06-30 20:00:49.794904
85150,W002,277,39,24,2026-06-30 20:00:49.794904
22117,W001,385,73,12,2026-06-30 20:00:49.794904
48129,W002,322,67,23,2026-06-30 20:00:49.794904
82580,W002,311,60,12,2026-06-30 20:00:49.794904
82578,W003,265,57,11,2026-06-30 20:00:49.794904
82581,W002,92,68,11,2026-06-30 20:00:49.794904
22413,W003,301,70,19,2026-06-30 20:00:49.794904
21907,W003,454,34,27,2026-06-30 20:00:49.794904
22441,W003,278,66,28,2026-06-30 20:00:49.794904
21122,W001,157,59,22,2026-06-30 20:00:49.794904
22851,W003,449,52,27,2026-06-30 20:00:49.794904
22810,W001,285,32,29,2026-06-30 20:00:49.794904
22809,W001,171,80,22,2026-06-30 20:00:49.794904
22435,W002,402,47,27,2026-06-30 20:00:49.794904
20966,W003,59,45,13,2026-06-30 20:00:49.794904
20963,W001,496,67,14,2026-06-30 20:00:49.794904
20961,W003,302,32,22,2026-06-30 20:00:49.794904
22068,W002,183,52,27,2026-06-30 20:00:49.794904
21743,W002,461,56,30,2026-06-30 20:00:49.794904
21744,W003,104,56,27,2026-06-30 20:00:49.794904
84709B,W003,255,76,13,2026-06-30 20:00:49.794904
21592,W001,114,43,21,2026-06-30 20:00:49.794904
21587,W002,459,48,17,2026-06-30 20:00:49.794904
20992,W001,327,35,15,2026-06-30 20:00:49.794904
22804,W003,414,51,14,2026-06-30 20:00:49.794904
20749,W002,446,64,29,2026-06-30 20:00:49.794904
22382,W002,419,36,26,2026-06-30 20:00:49.794904
20726,W001,253,69,30,2026-06-30 20:00:49.794904
22384,W003,296,35,11,2026-06-30 20:00:49.794904
22467,W003,203,60,26,2026-06-30 20:00:49.794904
84625C,W003,436,62,21,2026-06-30 20:00:49.794904
84625A,W003,336,35,22,2026-06-30 20:00:49.794904
21108,W002,85,64,15,2026-06-30 20:00:49.794904
22848,W003,373,50,29,2026-06-30 20:00:49.794904
47570B,W001,335,44,17,2026-06-30 20:00:49.794904
22837,W003,454,35,21,2026-06-30 20:00:49.794904
22297,W002,55,75,17,2026-06-30 20:00:49.794904
22772,W003,175,36,13,2026-06-30 20:00:49.794904
22773,W003,479,72,11,2026-06-30 20:00:49.794904
22805,W002,134,76,26,2026-06-30 20:00:49.794904
21125,W001,263,30,15,2026-06-30 20:00:49.794904
21126,W002,308,46,24,2026-06-30 20:00:49.794904
85049C,W003,261,62,12,2026-06-30 20:00:49.794904
85049D,W001,188,43,30,2026-06-30 20:00:49.794904
85049G,W003,271,54,19,2026-06-30 20:00:49.794904
21061,W001,363,55,17,2026-06-30 20:00:49.794904
21063,W003,495,59,14,2026-06-30 20:00:49.794904
21062,W003,171,52,30,2026-06-30 20:00:49.794904
84380,W002,151,69,12,2026-06-30 20:00:49.794904
84378,W001,361,58,16,2026-06-30 20:00:49.794904
22964,W001,334,52,24,2026-06-30 20:00:49.794904
21213,W001,497,31,13,2026-06-30 20:00:49.794904
22417,W002,233,48,17,2026-06-30 20:00:49.794904
84992,W003,44,63,30,2026-06-30 20:00:49.794904
22383,W001,277,31,29,2026-06-30 20:00:49.794904
20728,W002,458,65,27,2026-06-30 20:00:49.794904
20727,W001,404,63,21,2026-06-30 20:00:49.794904
22296,W001,126,72,19,2026-06-30 20:00:49.794904
20914,W002,408,31,10,2026-06-30 20:00:49.794904
22537,W003,55,44,10,2026-06-30 20:00:49.794904
22533,W001,342,43,18,2026-06-30 20:00:49.794904
20982,W002,475,68,25,2026-06-30 20:00:49.794904
21915,W003,379,58,27,2026-06-30 20:00:49.794904
21914,W003,415,38,25,2026-06-30 20:00:49.794904
21544,W001,283,32,19,2026-06-30 20:00:49.794904
22813,W003,187,44,27,2026-06-30 20:00:49.794904
84375,W002,348,76,24,2026-06-30 20:00:49.794904
22418,W003,34,51,13,2026-06-30 20:00:49.794904
22178,W001,156,77,13,2026-06-30 20:00:49.794904
84970L,W001,132,60,29,2026-06-30 20:00:49.794904
22465,W002,337,48,21,2026-06-30 20:00:49.794904
84949,W003,468,39,26,2026-06-30 20:00:49.794904
20685,W002,438,51,12,2026-06-30 20:00:49.794904
48194,W002,388,68,27,2026-06-30 20:00:49.794904
22488,W002,114,49,23,2026-06-30 20:00:49.794904
22219,W003,232,74,29,2026-06-30 20:00:49.794904
22610,W002,34,72,29,2026-06-30 20:00:49.794904
22716,W001,129,49,26,2026-06-30 20:00:49.794904
22706,W001,383,69,26,2026-06-30 20:00:49.794904
22371,W001,335,54,16,2026-06-30 20:00:49.794904
21210,W002,262,30,23,2026-06-30 20:00:49.794904
16237,W003,167,79,27,2026-06-30 20:00:49.794904
22714,W001,194,60,14,2026-06-30 20:00:49.794904
22812,W002,227,36,24,2026-06-30 20:00:49.794904
84347,W002,237,61,26,2026-06-30 20:00:49.794904
22736,W001,397,69,20,2026-06-30 20:00:49.794904
22620,W003,372,30,12,2026-06-30 20:00:49.794904
21705,W003,88,71,26,2026-06-30 20:00:49.794904
90199C,W001,76,35,15,2026-06-30 20:00:49.794904
22785,W002,212,61,25,2026-06-30 20:00:49.794904
22975,W002,171,55,14,2026-06-30 20:00:49.794904
22972,W002,208,58,19,2026-06-30 20:00:49.794904
22568,W003,33,64,17,2026-06-30 20:00:49.794904
85116,W001,236,43,23,2026-06-30 20:00:49.794904
22664,W002,25,53,24,2026-06-30 20:00:49.794904
21609,W003,140,55,17,2026-06-30 20:00:49.794904
21866,W003,130,75,13,2026-06-30 20:00:49.794904
20669,W002,482,59,30,2026-06-30 20:00:49.794904
90129F,W003,50,41,27,2026-06-30 20:00:49.794904
90210B,W001,364,54,14,2026-06-30 20:00:49.794904
21955,W003,70,65,29,2026-06-30 20:00:49.794904
72802C,W001,25,31,28,2026-06-30 20:00:49.794904
22109,W002,328,35,17,2026-06-30 20:00:49.794904
22531,W003,373,63,19,2026-06-30 20:00:49.794904
21811,W002,276,71,14,2026-06-30 20:00:49.794904
22183,W002,331,66,27,2026-06-30 20:00:49.794904
21678,W003,147,44,21,2026-06-30 20:00:49.794904
21676,W003,245,56,15,2026-06-30 20:00:49.794904
85169B,W001,282,57,22,2026-06-30 20:00:49.794904
16238,W002,491,58,30,2026-06-30 20:00:49.794904
84906,W001,486,40,12,2026-06-30 20:00:49.794904
21867,W003,40,31,28,2026-06-30 20:00:49.794904
22075,W003,161,65,27,2026-06-30 20:00:49.794904
21326,W002,218,43,10,2026-06-30 20:00:49.794904
21065,W001,402,62,29,2026-06-30 20:00:49.794904
22074,W001,189,76,16,2026-06-30 20:00:49.794904
20713,W003,379,34,26,2026-06-30 20:00:49.794904
21116,W002,310,67,22,2026-06-30 20:00:49.794904
21824,W001,180,61,27,2026-06-30 20:00:49.794904
21823,W002,216,52,19,2026-06-30 20:00:49.794904
22153,W003,209,56,15,2026-06-30 20:00:49.794904
85099F,W002,252,31,28,2026-06-30 20:00:49.794904
20717,W001,165,69,14,2026-06-30 20:00:49.794904
22328,W002,33,40,10,2026-06-30 20:00:49.794904
22327,W001,250,46,19,2026-06-30 20:00:49.794904
22630,W001,396,75,28,2026-06-30 20:00:49.794904
21245,W001,71,67,20,2026-06-30 20:00:49.794904
21244,W003,479,44,30,2026-06-30 20:00:49.794904
21242,W003,21,56,18,2026-06-30 20:00:49.794904
21243,W002,435,68,29,2026-06-30 20:00:49.794904
22273,W002,78,72,11,2026-06-30 20:00:49.794904
22940,W002,129,34,19,2026-06-30 20:00:49.794904
22759,W001,97,43,15,2026-06-30 20:00:49.794904
21880,W002,432,58,17,2026-06-30 20:00:49.794904
21738,W001,99,50,21,2026-06-30 20:00:49.794904
22077,W002,275,41,17,2026-06-30 20:00:49.794904
21448,W002,312,69,21,2026-06-30 20:00:49.794904
22243,W001,117,30,10,2026-06-30 20:00:49.794904
22141,W003,25,56,14,2026-06-30 20:00:49.794904
22144,W003,166,72,22,2026-06-30 20:00:49.794904
21739,W001,373,57,26,2026-06-30 20:00:49.794904
22271,W003,83,65,24,2026-06-30 20:00:49.794904
22274,W003,471,65,13,2026-06-30 20:00:49.794904
22751,W002,69,77,28,2026-06-30 20:00:49.794904
21034,W001,255,76,23,2026-06-30 20:00:49.794904
22570,W002,496,56,10,2026-06-30 20:00:49.794904
22569,W002,219,52,24,2026-06-30 20:00:49.794904
22902,W002,54,31,21,2026-06-30 20:00:49.794904
21710,W001,488,64,12,2026-06-30 20:00:49.794904
21708,W001,303,46,15,2026-06-30 20:00:49.794904
21711,W002,471,30,16,2026-06-30 20:00:49.794904
22179,W003,206,74,28,2026-06-30 20:00:49.794904
21706,W003,416,80,20,2026-06-30 20:00:49.794904
85184C,W001,249,36,10,2026-06-30 20:00:49.794904
22988,W001,145,52,30,2026-06-30 20:00:49.794904
20750,W003,322,58,28,2026-06-30 20:00:49.794904
22952,W002,258,77,18,2026-06-30 20:00:49.794904
22739,W003,346,57,18,2026-06-30 20:00:49.794904
22738,W002,92,80,23,2026-06-30 20:00:49.794904
22909,W003,194,71,28,2026-06-30 20:00:49.794904
35591T,W003,353,37,24,2026-06-30 20:00:49.794904
22186,W001,99,37,18,2026-06-30 20:00:49.794904
22695,W001,296,75,10,2026-06-30 20:00:49.794904
22580,W003,210,79,22,2026-06-30 20:00:49.794904
22147,W001,48,32,11,2026-06-30 20:00:49.794904
22130,W002,210,72,22,2026-06-30 20:00:49.794904
22694,W003,206,61,28,2026-06-30 20:00:49.794904
21790,W003,194,66,18,2026-06-30 20:00:49.794904
22149,W001,178,68,20,2026-06-30 20:00:49.794904
22321,W002,90,66,17,2026-06-30 20:00:49.794904
22594,W003,410,62,13,2026-06-30 20:00:49.794904
22593,W001,88,68,12,2026-06-30 20:00:49.794904
22595,W002,388,48,18,2026-06-30 20:00:49.794904
21986,W003,427,63,17,2026-06-30 20:00:49.794904
22750,W002,396,38,16,2026-06-30 20:00:49.794904
22616,W003,365,50,20,2026-06-30 20:00:49.794904
22775,W002,74,70,25,2026-06-30 20:00:49.794904
22899,W001,453,80,29,2026-06-30 20:00:49.794904
22367,W001,387,77,10,2026-06-30 20:00:49.794904
22942,W001,446,78,26,2026-06-30 20:00:49.794904
21976,W001,391,50,24,2026-06-30 20:00:49.794904
22951,W002,162,75,24,2026-06-30 20:00:49.794904
22834,W001,455,70,17,2026-06-30 20:00:49.794904
21916,W003,160,54,30,2026-06-30 20:00:49.794904
22587,W003,476,37,11,2026-06-30 20:00:49.794904
22566,W003,140,63,30,2026-06-30 20:00:49.794904
22565,W001,160,42,21,2026-06-30 20:00:49.794904
22472,W001,159,75,17,2026-06-30 20:00:49.794904
22551,W002,375,67,24,2026-06-30 20:00:49.794904
22554,W002,147,73,12,2026-06-30 20:00:49.794904
22534,W002,221,47,24,2026-06-30 20:00:49.794904
22529,W003,259,79,19,2026-06-30 20:00:49.794904
22530,W001,85,56,25,2026-06-30 20:00:49.794904
84032B,W001,402,30,27,2026-06-30 20:00:49.794904
85049H,W001,311,43,16,2026-06-30 20:00:49.794904
22807,W002,114,60,30,2026-06-30 20:00:49.794904
21494,W003,400,57,26,2026-06-30 20:00:49.794904
22938,W003,87,46,21,2026-06-30 20:00:49.794904
21892,W003,283,79,12,2026-06-30 20:00:49.794904
21890,W002,322,58,15,2026-06-30 20:00:49.794904
21718,W001,225,69,14,2026-06-30 20:00:49.794904
21716,W002,337,58,24,2026-06-30 20:00:49.794904
21715,W002,411,46,20,2026-06-30 20:00:49.794904
22113,W003,247,38,15,2026-06-30 20:00:49.794904
22358,W001,305,67,11,2026-06-30 20:00:49.794904
22357,W002,291,45,12,2026-06-30 20:00:49.794904
22115,W001,307,48,27,2026-06-30 20:00:49.794904
21481,W003,345,49,19,2026-06-30 20:00:49.794904
22585,W002,152,57,11,2026-06-30 20:00:49.794904
21556,W003,471,32,20,2026-06-30 20:00:49.794904
22645,W001,277,39,26,2026-06-30 20:00:49.794904
22650,W002,411,62,30,2026-06-30 20:00:49.794904
22508,W001,117,68,22,2026-06-30 20:00:49.794904
22511,W003,28,41,22,2026-06-30 20:00:49.794904
22829,W002,367,39,12,2026-06-30 20:00:49.794904
21154,W003,367,62,29,2026-06-30 20:00:49.794904
17021,W002,364,75,21,2026-06-30 20:00:49.794904
22059,W001,370,57,14,2026-06-30 20:00:49.794904
84678,W003,430,58,23,2026-06-30 20:00:49.794904
85172,W002,401,48,21,2026-06-30 20:00:49.794904
22142,W002,353,39,20,2026-06-30 20:00:49.794904
21591,W001,228,37,10,2026-06-30 20:00:49.794904
22480,W003,442,70,25,2026-06-30 20:00:49.794904
22294,W003,154,64,21,2026-06-30 20:00:49.794904
21156,W001,414,44,23,2026-06-30 20:00:49.794904
10133,W001,257,49,25,2026-06-30 20:00:49.794904
72800E,W002,496,65,26,2026-06-30 20:00:49.794904
84836,W001,154,48,18,2026-06-30 20:00:49.794904
20774,W001,316,42,15,2026-06-30 20:00:49.794904
20773,W003,445,58,29,2026-06-30 20:00:49.794904
20777,W002,93,34,13,2026-06-30 20:00:49.794904
16016,W003,421,34,12,2026-06-30 20:00:49.794904
16014,W003,285,63,16,2026-06-30 20:00:49.794904
21651,W001,227,76,19,2026-06-30 20:00:49.794904
22618,W001,414,71,16,2026-06-30 20:00:49.794904
21586,W002,385,78,15,2026-06-30 20:00:49.794904
22152,W001,100,74,15,2026-06-30 20:00:49.794904
84754,W001,57,45,10,2026-06-30 20:00:49.794904
22670,W001,180,71,10,2026-06-30 20:00:49.794904
84849B,W003,81,75,17,2026-06-30 20:00:49.794904
22927,W001,47,67,30,2026-06-30 20:00:49.794904
22925,W002,434,33,28,2026-06-30 20:00:49.794904
21259,W002,132,40,22,2026-06-30 20:00:49.794904
21257,W003,297,63,15,2026-06-30 20:00:49.794904
21121,W003,315,61,20,2026-06-30 20:00:49.794904
82552,W003,407,38,15,2026-06-30 20:00:49.794904
90200B,W002,124,79,29,2026-06-30 20:00:49.794904
90059B,W002,349,54,29,2026-06-30 20:00:49.794904
90185C,W002,342,53,11,2026-06-30 20:00:49.794904
90059E,W003,40,57,23,2026-06-30 20:00:49.794904
90059C,W003,151,52,14,2026-06-30 20:00:49.794904
90200C,W003,168,59,23,2026-06-30 20:00:49.794904
90200D,W002,195,35,14,2026-06-30 20:00:49.794904
90200A,W003,294,39,16,2026-06-30 20:00:49.794904
22737,W002,394,39,28,2026-06-30 20:00:49.794904
21260,W001,26,41,16,2026-06-30 20:00:49.794904
22744,W001,192,79,25,2026-06-30 20:00:49.794904
21985,W003,166,49,16,2026-06-30 20:00:49.794904
22295,W002,460,40,21,2026-06-30 20:00:49.794904
16258A,W003,64,73,19,2026-06-30 20:00:49.794904
21992,W003,289,57,10,2026-06-30 20:00:49.794904
21124,W002,45,80,30,2026-06-30 20:00:49.794904
22735,W001,20,46,15,2026-06-30 20:00:49.794904
22945,W003,109,53,11,2026-06-30 20:00:49.794904
21816,W003,255,49,24,2026-06-30 20:00:49.794904
21815,W002,321,58,14,2026-06-30 20:00:49.794904
21814,W002,206,40,12,2026-06-30 20:00:49.794904
10125,W002,320,77,27,2026-06-30 20:00:49.794904
22573,W001,74,30,12,2026-06-30 20:00:49.794904
22577,W003,384,42,20,2026-06-30 20:00:49.794904
22603,W001,415,68,30,2026-06-30 20:00:49.794904
20878,W003,213,72,29,2026-06-30 20:00:49.794904
20866,W003,271,52,17,2026-06-30 20:00:49.794904
85095,W001,127,71,22,2026-06-30 20:00:49.794904
22333,W003,61,66,30,2026-06-30 20:00:49.794904
21584,W002,70,56,30,2026-06-30 20:00:49.794904
22731,W001,497,48,26,2026-06-30 20:00:49.794904
22956,W002,385,30,13,2026-06-30 20:00:49.794904
22582,W001,322,45,25,2026-06-30 20:00:49.794904
85231B,W001,394,51,25,2026-06-30 20:00:49.794904
85231G,W002,405,52,26,2026-06-30 20:00:49.794904
22082,W003,230,77,24,2026-06-30 20:00:49.794904
22500,W002,340,37,15,2026-06-30 20:00:49.794904
22742,W001,114,35,25,2026-06-30 20:00:49.794904
21329,W003,95,36,10,2026-06-30 20:00:49.794904
21327,W001,496,66,15,2026-06-30 20:00:49.794904
48173C,W002,381,75,18,2026-06-30 20:00:49.794904
72818,W001,478,46,25,2026-06-30 20:00:49.794904
22312,W003,61,74,28,2026-06-30 20:00:49.794904
21137,W001,447,75,26,2026-06-30 20:00:49.794904
22041,W003,302,34,23,2026-06-30 20:00:49.794904
20979,W002,398,50,16,2026-06-30 20:00:49.794904
20977,W002,326,61,15,2026-06-30 20:00:49.794904
22571,W003,451,40,16,2026-06-30 20:00:49.794904
22423,W002,417,47,20,2026-06-30 20:00:49.794904
21621,W001,386,59,22,2026-06-30 20:00:49.794904
47563A,W003,212,78,22,2026-06-30 20:00:49.794904
84558A,W003,364,66,17,2026-06-30 20:00:49.794904
21577,W003,369,70,26,2026-06-30 20:00:49.794904
22087,W002,181,42,25,2026-06-30 20:00:49.794904
22651,W002,469,67,28,2026-06-30 20:00:49.794904
22713,W002,328,70,22,2026-06-30 20:00:49.794904
21370,W002,360,67,25,2026-06-30 20:00:49.794904
21367,W002,120,52,18,2026-06-30 20:00:49.794904
22376,W003,206,37,14,2026-06-30 20:00:49.794904
21895,W001,64,32,23,2026-06-30 20:00:49.794904
22372,W002,246,33,21,2026-06-30 20:00:49.794904
21190,W002,111,56,26,2026-06-30 20:00:49.794904
21894,W001,439,38,13,2026-06-30 20:00:49.794904
70007,W003,48,69,19,2026-06-30 20:00:49.794904
46000M,W002,122,75,18,2026-06-30 20:00:49.794904
22712,W003,392,36,26,2026-06-30 20:00:49.794904
22983,W003,179,50,11,2026-06-30 20:00:49.794904
22024,W002,128,78,29,2026-06-30 20:00:49.794904
21488,W001,296,33,17,2026-06-30 20:00:49.794904
22895,W002,200,54,19,2026-06-30 20:00:49.794904
22784,W003,421,43,18,2026-06-30 20:00:49.794904
21441,W001,186,69,30,2026-06-30 20:00:49.794904
84947,W003,89,45,13,2026-06-30 20:00:49.794904
22485,W002,219,71,21,2026-06-30 20:00:49.794904
21794,W002,498,44,22,2026-06-30 20:00:49.794904
20707,W001,346,41,10,2026-06-30 20:00:49.794904
22588,W001,352,44,29,2026-06-30 20:00:49.794904
21292,W001,121,64,15,2026-06-30 20:00:49.794904
22760,W001,183,35,29,2026-06-30 20:00:49.794904
22107,W002,487,75,19,2026-06-30 20:00:49.794904
21486,W001,462,49,27,2026-06-30 20:00:49.794904
22151,W003,323,63,23,2026-06-30 20:00:49.794904
22643,W001,289,43,26,2026-06-30 20:00:49.794904
22642,W002,428,57,21,2026-06-30 20:00:49.794904
22604,W001,330,31,22,2026-06-30 20:00:49.794904
22099,W001,35,70,22,2026-06-30 20:00:49.794904
22653,W001,200,35,12,2026-06-30 20:00:49.794904
22906,W003,488,45,21,2026-06-30 20:00:49.794904
22754,W001,299,61,16,2026-06-30 20:00:49.794904
22919,W003,108,66,13,2026-06-30 20:00:49.794904
22917,W002,395,49,18,2026-06-30 20:00:49.794904
22920,W003,120,80,20,2026-06-30 20:00:49.794904
22921,W001,440,45,15,2026-06-30 20:00:49.794904
22918,W001,487,39,11,2026-06-30 20:00:49.794904
22916,W002,262,49,25,2026-06-30 20:00:49.794904
22575,W002,432,55,28,2026-06-30 20:00:49.794904
21804,W001,411,52,13,2026-06-30 20:00:49.794904
21588,W003,472,46,10,2026-06-30 20:00:49.794904
22955,W001,162,80,14,2026-06-30 20:00:49.794904
22583,W001,406,80,18,2026-06-30 20:00:49.794904
22241,W001,384,39,14,2026-06-30 20:00:49.794904
22904,W002,108,70,24,2026-06-30 20:00:49.794904
22905,W002,320,79,26,2026-06-30 20:00:49.794904
22092,W003,230,69,28,2026-06-30 20:00:49.794904
22096,W002,306,71,25,2026-06-30 20:00:49.794904
21358,W003,425,34,19,2026-06-30 20:00:49.794904
21123,W003,360,58,25,2026-06-30 20:00:49.794904
21427,W002,235,72,22,2026-06-30 20:00:49.794904
21930,W002,429,52,18,2026-06-30 20:00:49.794904
20772,W001,488,54,14,2026-06-30 20:00:49.794904
71406C,W002,322,69,20,2026-06-30 20:00:49.794904
84985A,W002,340,44,15,2026-06-30 20:00:49.794904
20754,W003,444,72,11,2026-06-30 20:00:49.794904
84596E,W002,262,72,29,2026-06-30 20:00:49.794904
21111,W001,128,60,18,2026-06-30 20:00:49.794904
22501,W003,466,35,27,2026-06-30 20:00:49.794904
22854,W003,475,76,16,2026-06-30 20:00:49.794904
84997D,W002,174,46,20,2026-06-30 20:00:49.794904
47599A,W003,322,47,11,2026-06-30 20:00:49.794904
47599B,W002,54,49,14,2026-06-30 20:00:49.794904
20972,W001,429,79,16,2026-06-30 20:00:49.794904
21041,W001,138,37,25,2026-06-30 20:00:49.794904
21664,W001,395,52,19,2026-06-30 20:00:49.794904
22907,W003,340,80,21,2026-06-30 20:00:49.794904
22776,W003,470,30,19,2026-06-30 20:00:49.794904
21810,W002,386,43,30,2026-06-30 20:00:49.794904
21197,W002,78,54,14,2026-06-30 20:00:49.794904
85035B,W002,250,65,13,2026-06-30 20:00:49.794904
84968C,W003,451,40,12,2026-06-30 20:00:49.794904
21098,W003,497,37,12,2026-06-30 20:00:49.794904
21192,W003,259,77,29,2026-06-30 20:00:49.794904
72800B,W001,283,45,10,2026-06-30 20:00:49.794904
84563A,W001,472,69,23,2026-06-30 20:00:49.794904
47504H,W003,43,39,27,2026-06-30 20:00:49.794904
21742,W002,163,62,20,2026-06-30 20:00:49.794904
22481,W002,343,63,15,2026-06-30 20:00:49.794904
22943,W003,480,54,27,2026-06-30 20:00:49.794904
22699,W001,308,43,21,2026-06-30 20:00:49.794904
22217,W001,152,31,28,2026-06-30 20:00:49.794904
22227,W001,166,55,21,2026-06-30 20:00:49.794904
21106,W001,353,36,13,2026-06-30 20:00:49.794904
21107,W002,314,49,13,2026-06-30 20:00:49.794904
22697,W001,328,32,15,2026-06-30 20:00:49.794904
21826,W001,267,63,27,2026-06-30 20:00:49.794904
22548,W002,377,34,16,2026-06-30 20:00:49.794904
17164B,W003,370,45,24,2026-06-30 20:00:49.794904
22429,W003,43,44,20,2026-06-30 20:00:49.794904
20974,W003,206,64,21,2026-06-30 20:00:49.794904
20973,W002,304,80,24,2026-06-30 20:00:49.794904
15044B,W001,198,49,23,2026-06-30 20:00:49.794904
21135,W003,44,52,16,2026-06-30 20:00:49.794904
22173,W001,202,59,30,2026-06-30 20:00:49.794904
22626,W001,120,73,20,2026-06-30 20:00:49.794904
22625,W002,150,67,17,2026-06-30 20:00:49.794904
22624,W003,188,77,22,2026-06-30 20:00:49.794904
84945,W003,177,73,29,2026-06-30 20:00:49.794904
22244,W002,29,80,20,2026-06-30 20:00:49.794904
47421,W001,201,54,11,2026-06-30 20:00:49.794904
20712,W002,123,55,19,2026-06-30 20:00:49.794904
22973,W002,94,61,19,2026-06-30 20:00:49.794904
84569B,W003,412,57,29,2026-06-30 20:00:49.794904
22815,W002,459,73,29,2026-06-30 20:00:49.794904
85114B,W002,329,34,26,2026-06-30 20:00:49.794904
22584,W001,462,45,17,2026-06-30 20:00:49.794904
22454,W002,232,65,21,2026-06-30 20:00:49.794904
85114C,W002,201,33,18,2026-06-30 20:00:49.794904
22974,W002,107,66,20,2026-06-30 20:00:49.794904
21452,W003,50,78,21,2026-06-30 20:00:49.794904
22743,W001,351,62,20,2026-06-30 20:00:49.794904
22911,W003,44,36,13,2026-06-30 20:00:49.794904
22453,W001,189,38,19,2026-06-30 20:00:49.794904
22445,W002,291,56,19,2026-06-30 20:00:49.794904
22607,W002,91,45,11,2026-06-30 20:00:49.794904
22635,W003,291,54,20,2026-06-30 20:00:49.794904
22634,W002,126,59,21,2026-06-30 20:00:49.794904
22222,W002,52,36,10,2026-06-30 20:00:49.794904
22947,W003,123,55,24,2026-06-30 20:00:49.794904
22187,W002,206,64,11,2026-06-30 20:00:49.794904
22164,W002,99,66,21,2026-06-30 20:00:49.794904
72598,W001,173,44,29,2026-06-30 20:00:49.794904
22627,W002,181,37,21,2026-06-30 20:00:49.794904
22487,W002,106,77,21,2026-06-30 20:00:49.794904
22360,W001,345,71,11,2026-06-30 20:00:49.794904
22364,W002,92,67,14,2026-06-30 20:00:49.794904
21657,W002,296,78,15,2026-06-30 20:00:49.794904
22120,W001,197,43,30,2026-06-30 20:00:49.794904
21038,W003,195,44,17,2026-06-30 20:00:49.794904
21625,W002,491,64,26,2026-06-30 20:00:49.794904
22097,W001,237,32,11,2026-06-30 20:00:49.794904
21179,W002,396,42,26,2026-06-30 20:00:49.794904
22185,W001,485,78,29,2026-06-30 20:00:49.794904
21662,W003,164,46,13,2026-06-30 20:00:49.794904
85104,W003,61,74,18,2026-06-30 20:00:49.794904
21654,W001,488,30,16,2026-06-30 20:00:49.794904
21658,W002,491,55,16,2026-06-30 20:00:49.794904
21519,W002,376,63,27,2026-06-30 20:00:49.794904
22819,W003,433,49,21,2026-06-30 20:00:49.794904
22704,W002,235,63,12,2026-06-30 20:00:49.794904
21498,W001,442,36,24,2026-06-30 20:00:49.794904
22049,W001,125,32,27,2026-06-30 20:00:49.794904
21497,W003,89,57,26,2026-06-30 20:00:49.794904
21333,W003,380,61,13,2026-06-30 20:00:49.794904
22194,W001,335,71,15,2026-06-30 20:00:49.794904
22688,W001,413,58,15,2026-06-30 20:00:49.794904
84692,W003,413,48,13,2026-06-30 20:00:49.794904
22444,W001,307,46,24,2026-06-30 20:00:49.794904
22555,W001,409,65,22,2026-06-30 20:00:49.794904
22547,W002,123,41,14,2026-06-30 20:00:49.794904
22543,W001,269,74,19,2026-06-30 20:00:49.794904
22539,W003,423,43,24,2026-06-30 20:00:49.794904
22561,W001,238,47,25,2026-06-30 20:00:49.794904
22489,W001,493,49,27,2026-06-30 20:00:49.794904
22814,W003,333,42,12,2026-06-30 20:00:49.794904
21520,W001,93,43,25,2026-06-30 20:00:49.794904
21982,W002,473,59,24,2026-06-30 20:00:49.794904
21981,W003,314,66,17,2026-06-30 20:00:49.794904
21967,W003,388,32,29,2026-06-30 20:00:49.794904
22615,W003,273,46,26,2026-06-30 20:00:49.794904
22614,W002,353,33,15,2026-06-30 20:00:49.794904
22095,W001,169,40,28,2026-06-30 20:00:49.794904
22094,W002,165,39,25,2026-06-30 20:00:49.794904
22966,W001,290,58,28,2026-06-30 20:00:49.794904
21874,W002,159,40,30,2026-06-30 20:00:49.794904
21873,W001,243,42,18,2026-06-30 20:00:49.794904
21870,W002,46,76,12,2026-06-30 20:00:49.794904
84050,W001,325,73,28,2026-06-30 20:00:49.794904
22315,W003,389,64,25,2026-06-30 20:00:49.794904
22667,W001,356,47,24,2026-06-30 20:00:49.794904
22666,W002,181,66,14,2026-06-30 20:00:49.794904
22665,W003,344,55,30,2026-06-30 20:00:49.794904
22567,W001,69,71,10,2026-06-30 20:00:49.794904
82600,W001,40,41,20,2026-06-30 20:00:49.794904
22842,W002,246,33,18,2026-06-30 20:00:49.794904
22494,W002,390,76,13,2026-06-30 20:00:49.794904
22740,W002,392,71,27,2026-06-30 20:00:49.794904
22825,W002,346,77,14,2026-06-30 20:00:49.794904
22680,W001,148,80,10,2026-06-30 20:00:49.794904
22797,W003,103,65,30,2026-06-30 20:00:49.794904
21843,W001,61,31,17,2026-06-30 20:00:49.794904
22118,W002,392,61,30,2026-06-30 20:00:49.794904
22121,W003,335,36,19,2026-06-30 20:00:49.794904
22119,W002,494,80,28,2026-06-30 20:00:49.794904
22311,W002,141,75,30,2026-06-30 20:00:49.794904
72817,W001,391,30,26,2026-06-30 20:00:49.794904
22277,W003,289,38,13,2026-06-30 20:00:49.794904
20867,W003,207,53,10,2026-06-30 20:00:49.794904
21688,W002,230,72,27,2026-06-30 20:00:49.794904
21694,W002,454,30,20,2026-06-30 20:00:49.794904
22800,W001,316,38,10,2026-06-30 20:00:49.794904
22801,W002,459,78,11,2026-06-30 20:00:49.794904
22781,W001,29,37,14,2026-06-30 20:00:49.794904
21466,W003,314,49,18,2026-06-30 20:00:49.794904
21467,W003,449,71,28,2026-06-30 20:00:49.794904
21471,W002,216,37,10,2026-06-30 20:00:49.794904
21469,W003,126,49,12,2026-06-30 20:00:49.794904
21524,W001,408,35,21,2026-06-30 20:00:49.794904
22791,W001,97,59,24,2026-06-30 20:00:49.794904
21690,W002,494,51,27,2026-06-30 20:00:49.794904
37343,W001,377,80,30,2026-06-30 20:00:49.794904
22088,W002,422,43,10,2026-06-30 20:00:49.794904
21143,W001,96,56,16,2026-06-30 20:00:49.794904
84944,W001,335,50,12,2026-06-30 20:00:49.794904
22601,W002,441,31,20,2026-06-30 20:00:49.794904
22600,W001,227,44,27,2026-06-30 20:00:49.794904
22574,W001,240,36,11,2026-06-30 20:00:49.794904
85199L,W001,21,40,26,2026-06-30 20:00:49.794904
85199S,W003,277,55,15,2026-06-30 20:00:49.794904
72741,W001,303,31,27,2026-06-30 20:00:49.794904
37495,W003,481,53,14,2026-06-30 20:00:49.794904
22171,W002,286,43,12,2026-06-30 20:00:49.794904
85067,W002,83,38,26,2026-06-30 20:00:49.794904
48184,W001,303,54,25,2026-06-30 20:00:49.794904
48138,W002,117,65,12,2026-06-30 20:00:49.794904
85019A,W002,53,76,11,2026-06-30 20:00:49.794904
85019C,W002,99,68,17,2026-06-30 20:00:49.794904
20902,W001,377,79,16,2026-06-30 20:00:49.794904
21429,W002,392,71,21,2026-06-30 20:00:49.794904
85071A,W001,172,43,20,2026-06-30 20:00:49.794904
85071C,W001,218,67,23,2026-06-30 20:00:49.794904
22355,W002,364,71,27,2026-06-30 20:00:49.794904
21579,W003,478,79,18,2026-06-30 20:00:49.794904
21576,W003,256,64,11,2026-06-30 20:00:49.794904
22493,W003,197,57,15,2026-06-30 20:00:49.794904
21833,W001,131,35,28,2026-06-30 20:00:49.794904
85135B,W001,498,45,12,2026-06-30 20:00:49.794904
85136A,W002,133,66,24,2026-06-30 20:00:49.794904
85136C,W002,391,66,13,2026-06-30 20:00:49.794904
21055,W001,380,77,10,2026-06-30 20:00:49.794904
21056,W002,351,31,18,2026-06-30 20:00:49.794904
C2,W002,377,48,10,2026-06-30 20:00:49.794904
21928,W003,397,37,27,2026-06-30 20:00:49.794904
20711,W002,113,52,24,2026-06-30 20:00:49.794904
21773,W001,260,59,30,2026-06-30 20:00:49.794904
21774,W002,48,49,25,2026-06-30 20:00:49.794904
21787,W002,150,50,26,2026-06-30 20:00:49.794904
21801,W002,496,59,26,2026-06-30 20:00:49.794904
21802,W001,238,36,19,2026-06-30 20:00:49.794904
21803,W001,134,72,23,2026-06-30 20:00:49.794904
21809,W003,332,42,27,2026-06-30 20:00:49.794904
21821,W003,390,78,13,2026-06-30 20:00:49.794904
21822,W002,83,50,12,2026-06-30 20:00:49.794904
21851,W001,314,56,22,2026-06-30 20:00:49.794904
21879,W003,413,30,27,2026-06-30 20:00:49.794904
21884,W002,369,38,20,2026-06-30 20:00:49.794904
21888,W003,20,59,26,2026-06-30 20:00:49.794904
21911,W001,212,79,14,2026-06-30 20:00:49.794904
21922,W003,51,44,25,2026-06-30 20:00:49.794904
21935,W001,190,50,10,2026-06-30 20:00:49.794904
21942,W002,193,40,21,2026-06-30 20:00:49.794904
21944,W003,115,62,16,2026-06-30 20:00:49.794904
21949,W002,361,37,30,2026-06-30 20:00:49.794904
21990,W003,141,33,18,2026-06-30 20:00:49.794904
21991,W001,495,49,17,2026-06-30 20:00:49.794904
21993,W002,339,55,17,2026-06-30 20:00:49.794904
22037,W001,478,57,23,2026-06-30 20:00:49.794904
22043,W003,462,71,18,2026-06-30 20:00:49.794904
22065,W001,345,41,15,2026-06-30 20:00:49.794904
22067,W003,449,46,11,2026-06-30 20:00:49.794904
22069,W003,81,48,29,2026-06-30 20:00:49.794904
22071,W002,52,57,20,2026-06-30 20:00:49.794904
22076,W002,427,62,15,2026-06-30 20:00:49.794904
22080,W003,496,39,20,2026-06-30 20:00:49.794904
22081,W002,159,72,16,2026-06-30 20:00:49.794904
22090,W003,40,33,20,2026-06-30 20:00:49.794904
22134,W003,255,70,10,2026-06-30 20:00:49.794904
22135,W003,198,38,17,2026-06-30 20:00:49.794904
22154,W001,333,55,26,2026-06-30 20:00:49.794904
22155,W002,282,38,25,2026-06-30 20:00:49.794904
22156,W003,448,61,27,2026-06-30 20:00:49.794904
22161,W001,128,31,30,2026-06-30 20:00:49.794904
22162,W001,436,78,20,2026-06-30 20:00:49.794904
22169,W002,411,56,19,2026-06-30 20:00:49.794904
22182,W001,314,31,14,2026-06-30 20:00:49.794904
22190,W001,202,30,19,2026-06-30 20:00:49.794904
22203,W002,106,56,24,2026-06-30 20:00:49.794904
22207,W001,289,39,24,2026-06-30 20:00:49.794904
22265,W001,319,40,23,2026-06-30 20:00:49.794904
22276,W001,90,47,19,2026-06-30 20:00:49.794904
22299,W001,170,74,10,2026-06-30 20:00:49.794904
22300,W003,216,35,27,2026-06-30 20:00:49.794904
22301,W003,365,41,22,2026-06-30 20:00:49.794904
22309,W002,308,39,16,2026-06-30 20:00:49.794904
22314,W002,336,68,15,2026-06-30 20:00:49.794904
22335,W001,240,66,18,2026-06-30 20:00:49.794904
22336,W001,154,31,19,2026-06-30 20:00:49.794904
22345,W003,110,33,28,2026-06-30 20:00:49.794904
22348,W001,122,70,19,2026-06-30 20:00:49.794904
22356,W001,395,50,30,2026-06-30 20:00:49.794904
22359,W002,262,58,18,2026-06-30 20:00:49.794904
22361,W002,121,31,11,2026-06-30 20:00:49.794904
22375,W003,401,68,12,2026-06-30 20:00:49.794904
22378,W002,47,78,17,2026-06-30 20:00:49.794904
22380,W002,93,41,11,2026-06-30 20:00:49.794904
22394,W002,30,57,19,2026-06-30 20:00:49.794904
22396,W003,287,63,26,2026-06-30 20:00:49.794904
22419,W001,173,48,30,2026-06-30 20:00:49.794904
22422,W001,158,67,30,2026-06-30 20:00:49.794904
22430,W001,58,70,18,2026-06-30 20:00:49.794904
22432,W003,374,32,18,2026-06-30 20:00:49.794904
22437,W002,347,31,15,2026-06-30 20:00:49.794904
22471,W003,486,36,14,2026-06-30 20:00:49.794904
22476,W003,65,35,10,2026-06-30 20:00:49.794904
22477,W001,367,51,18,2026-06-30 20:00:49.794904
22478,W003,178,42,17,2026-06-30 20:00:49.794904
22479,W003,300,34,17,2026-06-30 20:00:49.794904
22497,W003,417,34,25,2026-06-30 20:00:49.794904
22515,W002,471,69,22,2026-06-30 20:00:49.794904
22517,W003,430,68,30,2026-06-30 20:00:49.794904
22519,W001,347,73,23,2026-06-30 20:00:49.794904
22545,W002,243,43,12,2026-06-30 20:00:49.794904
22550,W001,440,41,21,2026-06-30 20:00:49.794904
22560,W002,447,72,19,2026-06-30 20:00:49.794904
22589,W001,302,45,24,2026-06-30 20:00:49.794904
22605,W003,145,74,26,2026-06-30 20:00:49.794904
22639,W002,465,63,22,2026-06-30 20:00:49.794904
22669,W003,223,38,10,2026-06-30 20:00:49.794904
22675,W002,435,70,30,2026-06-30 20:00:49.794904
22734,W001,70,68,30,2026-06-30 20:00:49.794904
22741,W001,245,79,13,2026-06-30 20:00:49.794904
22755,W002,419,37,15,2026-06-30 20:00:49.794904
22757,W003,470,41,21,2026-06-30 20:00:49.794904
22758,W003,464,65,10,2026-06-30 20:00:49.794904
22769,W001,149,76,26,2026-06-30 20:00:49.794904
22792,W002,382,67,12,2026-06-30 20:00:49.794904
22816,W002,433,63,16,2026-06-30 20:00:49.794904
22818,W002,370,78,12,2026-06-30 20:00:49.794904
22822,W003,443,75,28,2026-06-30 20:00:49.794904
22844,W001,31,58,11,2026-06-30 20:00:49.794904
22847,W003,440,58,27,2026-06-30 20:00:49.794904
22862,W001,226,38,12,2026-06-30 20:00:49.794904
22876,W003,193,62,12,2026-06-30 20:00:49.794904
22928,W003,350,52,25,2026-06-30 20:00:49.794904
22948,W003,126,49,14,2026-06-30 20:00:49.794904
22949,W001,259,48,26,2026-06-30 20:00:49.794904
22976,W002,487,71,17,2026-06-30 20:00:49.794904
35095A,W001,242,69,14,2026-06-30 20:00:49.794904
35095B,W001,71,46,23,2026-06-30 20:00:49.794904
35471D,W003,129,55,12,2026-06-30 20:00:49.794904
35598D,W003,265,40,11,2026-06-30 20:00:49.794904
35599D,W001,456,79,12,2026-06-30 20:00:49.794904
35610A,W003,339,78,10,2026-06-30 20:00:49.794904
35818P,W001,339,49,22,2026-06-30 20:00:49.794904
35957,W002,400,36,10,2026-06-30 20:00:49.794904
35961,W002,102,76,20,2026-06-30 20:00:49.794904
35971,W002,326,79,26,2026-06-30 20:00:49.794904
37449,W002,38,40,23,2026-06-30 20:00:49.794904
37476,W002,367,55,12,2026-06-30 20:00:49.794904
47559B,W002,352,32,23,2026-06-30 20:00:49.794904
47591B,W001,339,80,30,2026-06-30 20:00:49.794904
47591D,W002,208,73,18,2026-06-30 20:00:49.794904
47593B,W001,283,61,21,2026-06-30 20:00:49.794904
48188,W002,446,50,28,2026-06-30 20:00:49.794904
71459,W001,203,56,15,2026-06-30 20:00:49.794904
72586,W002,57,63,21,2026-06-30 20:00:49.794904
72799E,W003,258,31,11,2026-06-30 20:00:49.794904
72799F,W003,54,64,12,2026-06-30 20:00:49.794904
72807A,W003,200,37,22,2026-06-30 20:00:49.794904
72807B,W003,373,78,23,2026-06-30 20:00:49.794904
72807C,W003,56,45,20,2026-06-30 20:00:49.794904
72816,W002,367,37,23,2026-06-30 20:00:49.794904
79030D,W001,220,70,13,2026-06-30 20:00:49.794904
79030G,W002,30,59,23,2026-06-30 20:00:49.794904
82551,W003,461,45,24,2026-06-30 20:00:49.794904
82583,W002,451,41,25,2026-06-30 20:00:49.794904
82613B,W001,176,51,16,2026-06-30 20:00:49.794904
82613C,W002,297,39,24,2026-06-30 20:00:49.794904
82613D,W002,298,63,16,2026-06-30 20:00:49.794904
84031A,W001,204,56,21,2026-06-30 20:00:49.794904
84031B,W003,56,36,18,2026-06-30 20:00:49.794904
84032A,W003,465,73,16,2026-06-30 20:00:49.794904
84086C,W003,222,68,14,2026-06-30 20:00:49.794904
84279P,W001,246,59,19,2026-06-30 20:00:49.794904
85015,W001,160,33,14,2026-06-30 20:00:49.794904
85016,W003,276,71,27,2026-06-30 20:00:49.794904
85017A,W003,425,65,12,2026-06-30 20:00:49.794904
85017B,W002,27,55,13,2026-06-30 20:00:49.794904
85032D,W003,477,68,10,2026-06-30 20:00:49.794904
85039A,W003,349,32,14,2026-06-30 20:00:49.794904
85048,W003,39,53,20,2026-06-30 20:00:49.794904
85064,W003,59,41,18,2026-06-30 20:00:49.794904
85127,W003,155,39,23,2026-06-30 20:00:49.794904
85129D,W002,198,67,28,2026-06-30 20:00:49.794904
85131B,W001,36,74,26,2026-06-30 20:00:49.794904
85132A,W002,61,70,13,2026-06-30 20:00:49.794904
85135C,W003,338,79,17,2026-06-30 20:00:49.794904
85176,W002,443,61,27,2026-06-30 20:00:49.794904
85177,W001,81,31,24,2026-06-30 20:00:49.794904
85178,W003,343,44,30,2026-06-30 20:00:49.794904
85186A,W001,136,44,13,2026-06-30 20:00:49.794904
85232B,W002,404,69,28,2026-06-30 20:00:49.794904
90003C,W003,402,70,19,2026-06-30 20:00:49.794904
90018A,W001,493,31,11,2026-06-30 20:00:49.794904
90022,W002,400,67,27,2026-06-30 20:00:49.794904
90071,W002,36,76,28,2026-06-30 20:00:49.794904
90099,W001,259,74,28,2026-06-30 20:00:49.794904
90116,W003,463,52,20,2026-06-30 20:00:49.794904
90120C,W003,434,32,14,2026-06-30 20:00:49.794904
90129A,W001,177,49,18,2026-06-30 20:00:49.794904
90129B,W002,373,59,14,2026-06-30 20:00:49.794904
90161A,W001,370,63,17,2026-06-30 20:00:49.794904
90190C,W001,23,50,13,2026-06-30 20:00:49.794904
90194,W002,178,36,13,2026-06-30 20:00:49.794904
90209B,W002,443,79,28,2026-06-30 20:00:49.794904
90214D,W003,296,42,10,2026-06-30 20:00:49.794904
90214G,W003,337,41,19,2026-06-30 20:00:49.794904
90214H,W002,312,55,11,2026-06-30 20:00:49.794904
90214J,W003,97,33,26,2026-06-30 20:00:49.794904
90214R,W003,488,37,17,2026-06-30 20:00:49.794904
DOT,W002,62,59,19,2026-06-30 20:00:49.794904
84534B,W002,81,58,29,2026-06-30 20:00:49.794904
84535B,W002,63,53,24,2026-06-30 20:00:49.794904
84536A,W002,239,55,29,2026-06-30 20:00:49.794904
84536B,W001,486,49,25,2026-06-30 20:00:49.794904
84580,W003,291,41,17,2026-06-30 20:00:49.794904
84581,W002,118,59,30,2026-06-30 20:00:49.794904
84598,W003,207,38,22,2026-06-30 20:00:49.794904
84912B,W001,428,77,14,2026-06-30 20:00:49.794904
84913A,W001,476,53,18,2026-06-30 20:00:49.794904
84913B,W002,308,61,20,2026-06-30 20:00:49.794904
84923,W002,225,44,10,2026-06-30 20:00:49.794904
84946,W001,293,41,26,2026-06-30 20:00:49.794904
84988,W001,485,60,12,2026-06-30 20:00:49.794904
20856,W001,115,48,11,2026-06-30 20:00:49.794904
20854,W003,163,37,25,2026-06-30 20:00:49.794904
21218,W001,120,53,20,2026-06-30 20:00:49.794904
22845,W002,245,38,12,2026-06-30 20:00:49.794904
11001,W002,95,37,14,2026-06-30 20:00:49.794904
16236,W003,194,40,16,2026-06-30 20:00:49.794904
17003,W003,137,38,16,2026-06-30 20:00:49.794904
17011F,W001,398,36,14,2026-06-30 20:00:49.794904
17012A,W002,489,54,24,2026-06-30 20:00:49.794904
17012B,W002,422,43,27,2026-06-30 20:00:49.794904
17012C,W002,166,32,22,2026-06-30 20:00:49.794904
17012D,W001,354,54,25,2026-06-30 20:00:49.794904
17012E,W003,140,68,30,2026-06-30 20:00:49.794904
17012F,W001,203,62,23,2026-06-30 20:00:49.794904
17129F,W002,169,59,21,2026-06-30 20:00:49.794904
18098C,W001,123,43,27,2026-06-30 20:00:49.794904
20622,W003,473,45,16,2026-06-30 20:00:49.794904
20658,W003,157,71,12,2026-06-30 20:00:49.794904
20662,W001,75,48,19,2026-06-30 20:00:49.794904
20676,W002,54,80,19,2026-06-30 20:00:49.794904
20684,W003,145,70,29,2026-06-30 20:00:49.794904
20719,W003,71,55,28,2026-06-30 20:00:49.794904
20724,W001,290,48,26,2026-06-30 20:00:49.794904
20733,W002,371,53,13,2026-06-30 20:00:49.794904
20735,W001,125,57,11,2026-06-30 20:00:49.794904
20770,W003,120,56,12,2026-06-30 20:00:49.794904
20835,W001,267,35,10,2026-06-30 20:00:49.794904
20839,W002,263,80,14,2026-06-30 20:00:49.794904
20840,W002,70,34,19,2026-06-30 20:00:49.794904
20956,W003,124,53,20,2026-06-30 20:00:49.794904
20969,W002,128,59,19,2026-06-30 20:00:49.794904
20971,W001,112,75,28,2026-06-30 20:00:49.794904
20975,W001,498,77,16,2026-06-30 20:00:49.794904
20981,W003,369,51,20,2026-06-30 20:00:49.794904
20996,W002,173,71,22,2026-06-30 20:00:49.794904
21000,W002,460,55,13,2026-06-30 20:00:49.794904
21012,W002,417,57,10,2026-06-30 20:00:49.794904
21069,W001,350,59,13,2026-06-30 20:00:49.794904
21070,W003,85,65,23,2026-06-30 20:00:49.794904
21147,W002,183,80,15,2026-06-30 20:00:49.794904
21158,W001,458,67,30,2026-06-30 20:00:49.794904
21165,W002,267,55,28,2026-06-30 20:00:49.794904
21174,W001,59,78,18,2026-06-30 20:00:49.794904
21189,W003,76,77,20,2026-06-30 20:00:49.794904
21191,W002,385,38,20,2026-06-30 20:00:49.794904
21195,W001,47,33,26,2026-06-30 20:00:49.794904
21207,W003,82,57,22,2026-06-30 20:00:49.794904
21216,W003,333,37,17,2026-06-30 20:00:49.794904
21217,W003,498,52,29,2026-06-30 20:00:49.794904
21231,W002,382,51,16,2026-06-30 20:00:49.794904
21238,W002,488,43,10,2026-06-30 20:00:49.794904
21249,W003,184,61,19,2026-06-30 20:00:49.794904
21262,W003,360,73,17,2026-06-30 20:00:49.794904
21313,W003,443,33,25,2026-06-30 20:00:49.794904
21349,W001,445,76,26,2026-06-30 20:00:49.794904
21352,W003,142,45,23,2026-06-30 20:00:49.794904
21354,W001,234,38,13,2026-06-30 20:00:49.794904
21365,W001,172,36,16,2026-06-30 20:00:49.794904
21366,W002,33,38,22,2026-06-30 20:00:49.794904
21369,W001,66,61,23,2026-06-30 20:00:49.794904
21372,W002,193,44,24,2026-06-30 20:00:49.794904
21385,W003,331,80,20,2026-06-30 20:00:49.794904
21407,W002,85,45,17,2026-06-30 20:00:49.794904
21408,W002,36,75,15,2026-06-30 20:00:49.794904
21507,W002,444,60,30,2026-06-30 20:00:49.794904
21563,W001,140,63,26,2026-06-30 20:00:49.794904
21564,W001,216,42,10,2026-06-30 20:00:49.794904
21634,W002,488,50,20,2026-06-30 20:00:49.794904
21641,W003,378,49,13,2026-06-30 20:00:49.794904
21679,W003,488,43,20,2026-06-30 20:00:49.794904
21703,W001,276,39,27,2026-06-30 20:00:49.794904
21704,W003,380,42,16,2026-06-30 20:00:49.794904
21721,W001,125,39,10,2026-06-30 20:00:49.794904
21722,W003,42,36,24,2026-06-30 20:00:49.794904
21758,W003,182,66,30,2026-06-30 20:00:49.794904
22892,W001,176,40,30,2026-06-30 20:00:49.794904
22245,W002,65,76,30,2026-06-30 20:00:49.794904
20957,W003,133,41,13,2026-06-30 20:00:49.794904
79144B,W003,271,38,24,2026-06-30 20:00:49.794904
22482,W002,160,53,26,2026-06-30 20:00:49.794904
21917,W002,368,51,29,2026-06-30 20:00:49.794904
20697,W003,256,36,15,2026-06-30 20:00:49.794904
22599,W001,338,41,22,2026-06-30 20:00:49.794904
22597,W003,490,41,22,2026-06-30 20:00:49.794904
21495,W003,417,51,28,2026-06-30 20:00:49.794904
46000R,W003,261,34,11,2026-06-30 20:00:49.794904
46000S,W002,446,64,15,2026-06-30 20:00:49.794904
84920,W001,419,72,15,2026-06-30 20:00:49.794904
22953,W003,479,71,16,2026-06-30 20:00:49.794904
84508A,W002,301,56,28,2026-06-30 20:00:49.794904
21670,W002,224,41,18,2026-06-30 20:00:49.794904
22786,W002,170,74,14,2026-06-30 20:00:49.794904
22212,W002,47,72,21,2026-06-30 20:00:49.794904
22678,W003,227,45,18,2026-06-30 20:00:49.794904
22686,W002,270,68,23,2026-06-30 20:00:49.794904
84685,W001,239,43,10,2026-06-30 20:00:49.794904
20616,W003,230,77,20,2026-06-30 20:00:49.794904
22753,W002,92,79,14,2026-06-30 20:00:49.794904
79066K,W001,65,53,22,2026-06-30 20:00:49.794904
22794,W001,325,33,14,2026-06-30 20:00:49.794904
22592,W002,453,45,11,2026-06-30 20:00:49.794904
84352,W002,97,65,15,2026-06-30 20:00:49.794904
22795,W003,398,57,17,2026-06-30 20:00:49.794904
22278,W003,188,55,28,2026-06-30 20:00:49.794904
22802,W003,209,69,24,2026-06-30 20:00:49.794904
84884A,W002,338,38,15,2026-06-30 20:00:49.794904
51014C,W002,439,31,26,2026-06-30 20:00:49.794904
51014L,W003,164,80,20,2026-06-30 20:00:49.794904
51014A,W001,204,56,16,2026-06-30 20:00:49.794904
22366,W001,484,39,28,2026-06-30 20:00:49.794904
48111,W001,49,33,27,2026-06-30 20:00:49.794904
22846,W003,340,58,21,2026-06-30 20:00:49.794904
22402,W003,472,76,18,2026-06-30 20:00:49.794904
22400,W002,24,61,27,2026-06-30 20:00:49.794904
22399,W002,393,61,21,2026-06-30 20:00:49.794904
79302M,W001,282,75,28,2026-06-30 20:00:49.794904
37446,W001,220,59,20,2026-06-30 20:00:49.794904
84509B,W003,394,51,26,2026-06-30 20:00:49.794904
22313,W003,374,49,15,2026-06-30 20:00:49.794904
21181,W003,53,62,19,2026-06-30 20:00:49.794904
21818,W002,301,45,13,2026-06-30 20:00:49.794904
21668,W003,36,58,13,2026-06-30 20:00:49.794904
21462,W002,244,44,19,2026-06-30 20:00:49.794904
22496,W003,112,38,16,2026-06-30 20:00:49.794904
84870C,W003,63,47,29,2026-06-30 20:00:49.794904
84870B,W003,235,66,28,2026-06-30 20:00:49.794904
22765,W001,145,31,17,2026-06-30 20:00:49.794904
21351,W001,137,73,23,2026-06-30 20:00:49.794904
22581,W001,281,49,24,2026-06-30 20:00:49.794904
22579,W003,36,54,15,2026-06-30 20:00:49.794904
22572,W002,286,72,11,2026-06-30 20:00:49.794904
22640,W001,89,34,12,2026-06-30 20:00:49.794904
22641,W002,275,42,24,2026-06-30 20:00:49.794904
22638,W003,37,65,24,2026-06-30 20:00:49.794904
22576,W002,417,68,25,2026-06-30 20:00:49.794904
21817,W001,182,71,10,2026-06-30 20:00:49.794904
21813,W001,63,70,30,2026-06-30 20:00:49.794904
21808,W001,273,57,18,2026-06-30 20:00:49.794904
21014,W001,311,48,27,2026-06-30 20:00:49.794904
21018,W003,30,35,20,2026-06-30 20:00:49.794904
22946,W003,327,47,14,2026-06-30 20:00:49.794904
M,W002,63,62,22,2026-06-30 20:00:49.794904
22660,W002,350,48,18,2026-06-30 20:00:49.794904
21761,W003,327,50,28,2026-06-30 20:00:49.794904
21781,W002,363,57,21,2026-06-30 20:00:49.794904
22696,W003,287,44,29,2026-06-30 20:00:49.794904
84360,W002,417,59,13,2026-06-30 20:00:49.794904
35954,W001,371,51,18,2026-06-30 20:00:49.794904
84760S,W003,335,36,14,2026-06-30 20:00:49.794904
85045,W003,334,38,11,2026-06-30 20:00:49.794904
35598B,W002,475,30,18,2026-06-30 20:00:49.794904
22578,W003,331,65,26,2026-06-30 20:00:49.794904
22855,W003,198,51,17,2026-06-30 20:00:49.794904
21864,W003,108,38,21,2026-06-30 20:00:49.794904
15056P,W002,263,64,22,2026-06-30 20:00:49.794904
85174,W002,402,68,16,2026-06-30 20:00:49.794904
82615,W003,160,74,15,2026-06-30 20:00:49.794904
85038,W002,453,77,27,2026-06-30 20:00:49.794904
22965,W002,229,32,19,2026-06-30 20:00:49.794904
21374,W001,105,43,17,2026-06-30 20:00:49.794904
21509,W001,122,46,20,2026-06-30 20:00:49.794904
22025,W003,276,50,30,2026-06-30 20:00:49.794904
22725,W001,149,74,29,2026-06-30 20:00:49.794904
37448,W001,450,77,20,2026-06-30 20:00:49.794904
22421,W001,399,48,29,2026-06-30 20:00:49.794904
84997A,W003,334,72,16,2026-06-30 20:00:49.794904
21136,W003,285,48,12,2026-06-30 20:00:49.794904
71477,W003,479,34,15,2026-06-30 20:00:49.794904
22030,W001,258,78,14,2026-06-30 20:00:49.794904
90214M,W001,496,59,20,2026-06-30 20:00:49.794904
90214V,W003,147,47,30,2026-06-30 20:00:49.794904
90214S,W003,315,63,15,2026-06-30 20:00:49.794904
21789,W002,108,40,29,2026-06-30 20:00:49.794904
21629,W001,365,62,20,2026-06-30 20:00:49.794904
21850,W002,372,44,19,2026-06-30 20:00:49.794904
20978,W002,159,44,17,2026-06-30 20:00:49.794904
20768,W002,312,49,21,2026-06-30 20:00:49.794904
20780,W002,68,53,26,2026-06-30 20:00:49.794904
21398,W002,97,72,18,2026-06-30 20:00:49.794904
21643,W002,414,70,26,2026-06-30 20:00:49.794904
21620,W003,27,62,23,2026-06-30 20:00:49.794904
22260,W003,75,42,12,2026-06-30 20:00:49.794904
22136,W003,34,58,13,2026-06-30 20:00:49.794904
10135,W001,109,34,30,2026-06-30 20:00:49.794904
16168M,W001,95,71,21,2026-06-30 20:00:49.794904
17014A,W002,370,56,20,2026-06-30 20:00:49.794904
17084N,W002,71,31,13,2026-06-30 20:00:49.794904
17084P,W002,415,67,20,2026-06-30 20:00:49.794904
20617,W003,77,31,21,2026-06-30 20:00:49.794904
20619,W003,303,76,16,2026-06-30 20:00:49.794904
20653,W001,84,76,24,2026-06-30 20:00:49.794904
20681,W003,342,40,12,2026-06-30 20:00:49.794904
20682,W001,68,46,14,2026-06-30 20:00:49.794904
20696,W001,96,80,28,2026-06-30 20:00:49.794904
20699,W001,372,61,21,2026-06-30 20:00:49.794904
20700,W002,212,79,26,2026-06-30 20:00:49.794904
20718,W002,446,30,28,2026-06-30 20:00:49.794904
20752,W003,362,41,23,2026-06-30 20:00:49.794904
20761,W002,143,68,26,2026-06-30 20:00:49.794904
20846,W001,374,47,20,2026-06-30 20:00:49.794904
20931,W002,191,65,29,2026-06-30 20:00:49.794904
21002,W001,429,64,17,2026-06-30 20:00:49.794904
21015,W001,24,36,27,2026-06-30 20:00:49.794904
21067,W003,378,52,29,2026-06-30 20:00:49.794904
21109,W002,407,38,26,2026-06-30 20:00:49.794904
21110,W001,464,47,19,2026-06-30 20:00:49.794904
21128,W001,218,79,29,2026-06-30 20:00:49.794904
21164,W001,160,31,11,2026-06-30 20:00:49.794904
21188,W003,72,61,19,2026-06-30 20:00:49.794904
21208,W002,452,74,11,2026-06-30 20:00:49.794904
21220,W003,103,45,12,2026-06-30 20:00:49.794904
21272,W003,303,68,11,2026-06-30 20:00:49.794904
21279,W003,94,72,19,2026-06-30 20:00:49.794904
21281,W001,59,46,17,2026-06-30 20:00:49.794904
21288,W003,453,68,26,2026-06-30 20:00:49.794904
21356,W002,337,51,15,2026-06-30 20:00:49.794904
21439,W002,359,80,12,2026-06-30 20:00:49.794904
21447,W001,246,77,13,2026-06-30 20:00:49.794904
21537,W001,466,66,19,2026-06-30 20:00:49.794904
21547,W002,80,57,17,2026-06-30 20:00:49.794904
21594,W001,361,76,29,2026-06-30 20:00:49.794904
21638,W001,395,50,17,2026-06-30 20:00:49.794904
21648,W001,369,67,16,2026-06-30 20:00:49.794904
21656,W002,414,67,26,2026-06-30 20:00:49.794904
21671,W002,482,33,23,2026-06-30 20:00:49.794904
21684,W001,471,62,22,2026-06-30 20:00:49.794904
21698,W003,53,70,19,2026-06-30 20:00:49.794904
21700,W002,130,76,22,2026-06-30 20:00:49.794904
21745,W001,418,37,28,2026-06-30 20:00:49.794904
21775,W002,208,47,16,2026-06-30 20:00:49.794904
21820,W001,284,47,18,2026-06-30 20:00:49.794904
21830,W001,124,55,29,2026-06-30 20:00:49.794904
21846,W002,362,62,20,2026-06-30 20:00:49.794904
21868,W002,446,58,12,2026-06-30 20:00:49.794904
21875,W001,55,45,24,2026-06-30 20:00:49.794904
21896,W003,326,58,11,2026-06-30 20:00:49.794904
21899,W002,135,49,10,2026-06-30 20:00:49.794904
21906,W002,130,33,23,2026-06-30 20:00:49.794904
21908,W002,77,39,10,2026-06-30 20:00:49.794904
21974,W001,197,65,29,2026-06-30 20:00:49.794904
22078,W003,145,79,10,2026-06-30 20:00:49.794904
22084,W002,143,49,22,2026-06-30 20:00:49.794904
22091,W001,469,79,12,2026-06-30 20:00:49.794904
22124,W003,437,78,10,2026-06-30 20:00:49.794904
22165,W002,268,53,24,2026-06-30 20:00:49.794904
22184,W001,139,62,21,2026-06-30 20:00:49.794904
22208,W001,187,62,23,2026-06-30 20:00:49.794904
22246,W002,33,57,10,2026-06-30 20:00:49.794904
22283,W003,390,33,27,2026-06-30 20:00:49.794904
22304,W001,90,45,18,2026-06-30 20:00:49.794904
22308,W001,247,42,28,2026-06-30 20:00:49.794904
22317,W002,22,76,28,2026-06-30 20:00:49.794904
22324,W001,345,72,26,2026-06-30 20:00:49.794904
22325,W002,331,64,21,2026-06-30 20:00:49.794904
22331,W003,479,79,11,2026-06-30 20:00:49.794904
22342,W002,149,78,20,2026-06-30 20:00:49.794904
22350,W001,165,49,12,2026-06-30 20:00:49.794904
22393,W001,150,78,30,2026-06-30 20:00:49.794904
22405,W001,386,67,28,2026-06-30 20:00:49.794904
22409,W001,232,58,14,2026-06-30 20:00:49.794904
22420,W001,341,72,24,2026-06-30 20:00:49.794904
22425,W001,409,43,28,2026-06-30 20:00:49.794904
22458,W002,263,45,15,2026-06-30 20:00:49.794904
22459,W002,174,75,22,2026-06-30 20:00:49.794904
22499,W003,499,36,29,2026-06-30 20:00:49.794904
22503,W002,116,59,10,2026-06-30 20:00:49.794904
22536,W002,36,33,27,2026-06-30 20:00:49.794904
22586,W001,224,73,29,2026-06-30 20:00:49.794904
22602,W001,179,44,29,2026-06-30 20:00:49.794904
22649,W003,108,71,11,2026-06-30 20:00:49.794904
22668,W001,153,43,22,2026-06-30 20:00:49.794904
22673,W002,310,76,13,2026-06-30 20:00:49.794904
22692,W001,472,66,21,2026-06-30 20:00:49.794904
22746,W002,108,54,14,2026-06-30 20:00:49.794904
22747,W003,109,50,22,2026-06-30 20:00:49.794904
22756,W001,196,42,23,2026-06-30 20:00:49.794904
22788,W002,64,60,23,2026-06-30 20:00:49.794904
22831,W001,437,32,19,2026-06-30 20:00:49.794904
22841,W002,311,45,13,2026-06-30 20:00:49.794904
22863,W001,409,72,26,2026-06-30 20:00:49.794904
22870,W002,431,53,20,2026-06-30 20:00:49.794904
22890,W001,470,63,30,2026-06-30 20:00:49.794904
22897,W003,323,53,26,2026-06-30 20:00:49.794904
22898,W001,75,57,19,2026-06-30 20:00:49.794904
22944,W002,82,52,22,2026-06-30 20:00:49.794904
22977,W003,360,43,25,2026-06-30 20:00:49.794904
35637A,W003,199,33,30,2026-06-30 20:00:49.794904
35916B,W001,339,69,28,2026-06-30 20:00:49.794904
35916C,W002,177,44,17,2026-06-30 20:00:49.794904
35964,W002,180,31,23,2026-06-30 20:00:49.794904
35965,W001,224,56,21,2026-06-30 20:00:49.794904
35967,W003,233,76,30,2026-06-30 20:00:49.794904
37450,W002,114,80,24,2026-06-30 20:00:49.794904
37491A,W001,129,41,27,2026-06-30 20:00:49.794904
46775D,W003,120,31,14,2026-06-30 20:00:49.794904
46776B,W001,46,64,10,2026-06-30 20:00:49.794904
47566B,W003,400,37,19,2026-06-30 20:00:49.794904
47567B,W001,205,43,20,2026-06-30 20:00:49.794904
47590A,W001,366,66,18,2026-06-30 20:00:49.794904
47590B,W003,397,37,19,2026-06-30 20:00:49.794904
47594A,W001,84,38,12,2026-06-30 20:00:49.794904
70006,W002,392,61,28,2026-06-30 20:00:49.794904
71496A,W002,434,55,23,2026-06-30 20:00:49.794904
72134,W002,189,45,20,2026-06-30 20:00:49.794904
79067,W003,243,80,27,2026-06-30 20:00:49.794904
82582,W001,452,39,19,2026-06-30 20:00:49.794904
82599,W001,279,39,21,2026-06-30 20:00:49.794904
82616C,W001,386,63,12,2026-06-30 20:00:49.794904
84459B,W003,378,52,18,2026-06-30 20:00:49.794904
84520B,W003,493,45,28,2026-06-30 20:00:49.794904
84559A,W003,296,65,28,2026-06-30 20:00:49.794904
84559B,W003,439,62,23,2026-06-30 20:00:49.794904
84596J,W001,452,76,21,2026-06-30 20:00:49.794904
84609,W001,413,77,24,2026-06-30 20:00:49.794904
84659A,W002,171,80,27,2026-06-30 20:00:49.794904
84663A,W003,114,38,23,2026-06-30 20:00:49.794904
84828,W003,459,31,29,2026-06-30 20:00:49.794904
84856L,W002,91,36,30,2026-06-30 20:00:49.794904
84915,W003,251,47,23,2026-06-30 20:00:49.794904
84950,W002,239,80,28,2026-06-30 20:00:49.794904
84976,W002,288,31,30,2026-06-30 20:00:49.794904
85008,W003,306,67,21,2026-06-30 20:00:49.794904
85040B,W003,408,51,15,2026-06-30 20:00:49.794904
85053,W001,32,51,11,2026-06-30 20:00:49.794904
85114A,W003,382,40,26,2026-06-30 20:00:49.794904
85131D,W001,265,56,19,2026-06-30 20:00:49.794904
85170D,W002,182,30,10,2026-06-30 20:00:49.794904
85212,W001,272,42,24,2026-06-30 20:00:49.794904
85227,W003,205,50,12,2026-06-30 20:00:49.794904
85232D,W001,199,56,30,2026-06-30 20:00:49.794904
90013B,W002,248,77,27,2026-06-30 20:00:49.794904
90018B,W001,175,47,17,2026-06-30 20:00:49.794904
90019B,W002,245,52,12,2026-06-30 20:00:49.794904
90024C,W002,376,30,14,2026-06-30 20:00:49.794904
90036F,W002,441,34,30,2026-06-30 20:00:49.794904
90040B,W001,39,45,14,2026-06-30 20:00:49.794904
90051,W003,453,49,24,2026-06-30 20:00:49.794904
90054,W001,344,62,14,2026-06-30 20:00:49.794904
90077,W001,21,55,18,2026-06-30 20:00:49.794904
90124B,W003,207,76,28,2026-06-30 20:00:49.794904
90134,W001,162,52,28,2026-06-30 20:00:49.794904
90138,W003,471,33,24,2026-06-30 20:00:49.794904
90161B,W002,249,76,13,2026-06-30 20:00:49.794904
90166,W003,413,72,20,2026-06-30 20:00:49.794904
90173,W003,295,62,23,2026-06-30 20:00:49.794904
90177C,W001,322,74,10,2026-06-30 20:00:49.794904
90177E,W002,490,71,14,2026-06-30 20:00:49.794904
90181B,W001,304,41,11,2026-06-30 20:00:49.794904
90192,W002,59,72,22,2026-06-30 20:00:49.794904
90206C,W003,460,50,12,2026-06-30 20:00:49.794904
90209C,W002,264,76,16,2026-06-30 20:00:49.794904
90211A,W001,246,78,22,2026-06-30 20:00:49.794904
90214A,W003,24,35,16,2026-06-30 20:00:49.794904
90214E,W001,376,40,15,2026-06-30 20:00:49.794904
20970,W003,469,63,16,2026-06-30 20:00:49.794904
84658,W002,294,44,20,2026-06-30 20:00:49.794904
22448,W001,438,72,13,2026-06-30 20:00:49.794904
22447,W002,205,52,20,2026-06-30 20:00:49.794904
22446,W003,406,70,13,2026-06-30 20:00:49.794904
20665,W001,150,52,22,2026-06-30 20:00:49.794904
21472,W002,126,60,23,2026-06-30 20:00:49.794904
21877,W001,81,67,26,2026-06-30 20:00:49.794904
22524,W002,183,61,16,2026-06-30 20:00:49.794904
20765,W002,201,61,15,2026-06-30 20:00:49.794904
21624,W001,277,75,24,2026-06-30 20:00:49.794904
84926A,W002,416,77,25,2026-06-30 20:00:49.794904
85035C,W003,462,59,17,2026-06-30 20:00:49.794904
72803A,W003,280,34,21,2026-06-30 20:00:49.794904
40001,W002,338,41,30,2026-06-30 20:00:49.794904
21709,W003,270,79,18,2026-06-30 20:00:49.794904
22220,W003,67,69,11,2026-06-30 20:00:49.794904
85034A,W001,136,80,29,2026-06-30 20:00:49.794904
72798C,W001,361,41,27,2026-06-30 20:00:49.794904
35271S,W002,449,68,21,2026-06-30 20:00:49.794904
21380,W002,288,61,29,2026-06-30 20:00:49.794904
21221,W001,457,55,25,2026-06-30 20:00:49.794904
20755,W001,339,41,21,2026-06-30 20:00:49.794904
21421,W002,90,33,18,2026-06-30 20:00:49.794904
21422,W003,452,30,13,2026-06-30 20:00:49.794904
22617,W002,222,52,18,2026-06-30 20:00:49.794904
21364,W002,21,40,10,2026-06-30 20:00:49.794904
21042,W002,42,80,14,2026-06-30 20:00:49.794904
22272,W003,32,30,17,2026-06-30 20:00:49.794904
21172,W001,254,50,12,2026-06-30 20:00:49.794904
72760B,W001,189,70,28,2026-06-30 20:00:49.794904
22365,W002,195,39,27,2026-06-30 20:00:49.794904
22507,W001,309,55,19,2026-06-30 20:00:49.794904
62096A,W001,408,30,26,2026-06-30 20:00:49.794904
85071D,W003,235,76,24,2026-06-30 20:00:49.794904
22044,W003,301,60,28,2026-06-30 20:00:49.794904
21918,W003,171,41,17,2026-06-30 20:00:49.794904
22029,W003,268,59,16,2026-06-30 20:00:49.794904
21360,W001,275,79,15,2026-06-30 20:00:49.794904
84077,W003,104,73,27,2026-06-30 20:00:49.794904
84792,W002,313,42,27,2026-06-30 20:00:49.794904
85175,W002,208,37,14,2026-06-30 20:00:49.794904
20893,W001,126,76,29,2026-06-30 20:00:49.794904
22440,W002,182,78,28,2026-06-30 20:00:49.794904
22434,W002,473,51,30,2026-06-30 20:00:49.794904
22564,W002,233,56,21,2026-06-30 20:00:49.794904
21215,W002,385,37,13,2026-06-30 20:00:49.794904
21058,W002,480,61,26,2026-06-30 20:00:49.794904
21060,W002,378,78,20,2026-06-30 20:00:49.794904
21719,W002,492,69,13,2026-06-30 20:00:49.794904
84826,W003,225,36,24,2026-06-30 20:00:49.794904
21881,W003,276,56,21,2026-06-30 20:00:49.794904
22491,W002,422,43,25,2026-06-30 20:00:49.794904
21355,W001,329,41,22,2026-06-30 20:00:49.794904
21518,W003,207,34,19,2026-06-30 20:00:49.794904
22023,W001,388,32,18,2026-06-30 20:00:49.794904
22027,W002,168,30,21,2026-06-30 20:00:49.794904
22718,W001,235,54,19,2026-06-30 20:00:49.794904
22717,W001,190,46,29,2026-06-30 20:00:49.794904
22028,W002,268,73,26,2026-06-30 20:00:49.794904
21669,W003,93,35,25,2026-06-30 20:00:49.794904
21673,W003,325,78,27,2026-06-30 20:00:49.794904
22460,W002,53,41,20,2026-06-30 20:00:49.794904
22433,W001,145,77,13,2026-06-30 20:00:49.794904
22431,W002,39,50,10,2026-06-30 20:00:49.794904
84674,W003,106,76,14,2026-06-30 20:00:49.794904
22676,W003,321,58,25,2026-06-30 20:00:49.794904
22672,W001,71,70,28,2026-06-30 20:00:49.794904
22777,W001,105,70,23,2026-06-30 20:00:49.794904
22924,W002,467,79,26,2026-06-30 20:00:49.794904
22832,W001,305,54,23,2026-06-30 20:00:49.794904
20674,W003,144,78,10,2026-06-30 20:00:49.794904
22170,W002,196,34,16,2026-06-30 20:00:49.794904
21428,W002,164,43,11,2026-06-30 20:00:49.794904
22840,W003,120,40,13,2026-06-30 20:00:49.794904
79191C,W001,221,34,16,2026-06-30 20:00:49.794904
47471,W003,495,64,16,2026-06-30 20:00:49.794904
16046,W001,94,74,25,2026-06-30 20:00:49.794904
22796,W003,351,40,27,2026-06-30 20:00:49.794904
22733,W002,170,31,10,2026-06-30 20:00:49.794904
22559,W001,249,63,10,2026-06-30 20:00:49.794904
22896,W002,190,61,16,2026-06-30 20:00:49.794904
20967,W003,303,41,30,2026-06-30 20:00:49.794904
21430,W002,38,41,28,2026-06-30 20:00:49.794904
22070,W003,162,33,26,2026-06-30 20:00:49.794904
20983,W001,60,49,10,2026-06-30 20:00:49.794904
21527,W003,65,35,11,2026-06-30 20:00:49.794904
21538,W003,361,62,25,2026-06-30 20:00:49.794904
85216,W003,184,50,13,2026-06-30 20:00:49.794904
22131,W002,394,33,16,2026-06-30 20:00:49.794904
21163,W003,414,75,25,2026-06-30 20:00:49.794904
21161,W002,160,77,26,2026-06-30 20:00:49.794904
21159,W001,86,68,21,2026-06-30 20:00:49.794904
21390,W003,268,74,18,2026-06-30 20:00:49.794904
22285,W002,329,62,25,2026-06-30 20:00:49.794904
22284,W002,405,34,15,2026-06-30 20:00:49.794904
21383,W001,134,50,13,2026-06-30 20:00:49.794904
21381,W001,216,54,23,2026-06-30 20:00:49.794904
22210,W003,343,54,15,2026-06-30 20:00:49.794904
22209,W003,423,41,20,2026-06-30 20:00:49.794904
21872,W002,80,40,18,2026-06-30 20:00:49.794904
85035A,W002,109,55,10,2026-06-30 20:00:49.794904
22761,W001,185,40,20,2026-06-30 20:00:49.794904
22385,W001,340,55,28,2026-06-30 20:00:49.794904
22374,W003,146,79,12,2026-06-30 20:00:49.794904
21741,W002,182,61,13,2026-06-30 20:00:49.794904
85061W,W001,384,55,13,2026-06-30 20:00:49.794904
40016,W002,245,50,13,2026-06-30 20:00:49.794904
22202,W003,408,60,13,2026-06-30 20:00:49.794904
21064,W002,198,55,13,2026-06-30 20:00:49.794904
84341B,W002,424,47,30,2026-06-30 20:00:49.794904
84509G,W003,438,30,27,2026-06-30 20:00:49.794904
16235,W003,167,66,29,2026-06-30 20:00:49.794904
20986,W001,153,54,18,2026-06-30 20:00:49.794904
20832,W001,100,64,30,2026-06-30 20:00:49.794904
84846A,W002,439,61,23,2026-06-30 20:00:49.794904
22442,W002,399,40,17,2026-06-30 20:00:49.794904
21769,W003,255,33,21,2026-06-30 20:00:49.794904
20798,W001,328,36,19,2026-06-30 20:00:49.794904
22320,W003,47,56,23,2026-06-30 20:00:49.794904
21561,W002,118,63,28,2026-06-30 20:00:49.794904
85132B,W003,59,34,19,2026-06-30 20:00:49.794904
85132C,W003,109,60,27,2026-06-30 20:00:49.794904
22215,W001,236,76,15,2026-06-30 20:00:49.794904
20675,W001,240,34,16,2026-06-30 20:00:49.794904
21239,W003,220,39,13,2026-06-30 20:00:49.794904
21987,W002,341,58,26,2026-06-30 20:00:49.794904
21988,W002,175,51,10,2026-06-30 20:00:49.794904
21989,W002,170,66,12,2026-06-30 20:00:49.794904
22316,W002,169,49,11,2026-06-30 20:00:49.794904
22332,W002,75,74,19,2026-06-30 20:00:49.794904
21206,W002,71,46,13,2026-06-30 20:00:49.794904
20677,W001,355,78,22,2026-06-30 20:00:49.794904
22806,W003,458,77,27,2026-06-30 20:00:49.794904
22893,W003,278,61,18,2026-06-30 20:00:49.794904
85159A,W002,302,42,18,2026-06-30 20:00:49.794904
21784,W003,136,59,15,2026-06-30 20:00:49.794904
22849,W001,272,65,18,2026-06-30 20:00:49.794904
17090D,W001,488,41,26,2026-06-30 20:00:49.794904
17090A,W002,90,59,28,2026-06-30 20:00:49.794904
72127,W002,279,66,16,2026-06-30 20:00:49.794904
72133,W001,386,58,29,2026-06-30 20:00:49.794904
84763,W002,95,75,28,2026-06-30 20:00:49.794904
22450,W002,38,54,10,2026-06-30 20:00:49.794904
10124G,W002,184,53,27,2026-06-30 20:00:49.794904
84519B,W001,88,39,28,2026-06-30 20:00:49.794904
22505,W003,115,51,19,2026-06-30 20:00:49.794904
22514,W002,211,33,16,2026-06-30 20:00:49.794904
21504,W003,291,72,29,2026-06-30 20:00:49.794904
22292,W001,397,42,18,2026-06-30 20:00:49.794904
21211,W002,287,32,23,2026-06-30 20:00:49.794904
22045,W003,213,70,14,2026-06-30 20:00:49.794904
90175C,W002,496,52,12,2026-06-30 20:00:49.794904
90180A,W002,422,38,19,2026-06-30 20:00:49.794904
90178A,W003,241,79,15,2026-06-30 20:00:49.794904
22986,W003,349,52,30,2026-06-30 20:00:49.794904
20984,W002,62,59,28,2026-06-30 20:00:49.794904
22436,W002,34,65,29,2026-06-30 20:00:49.794904
21465,W003,467,49,22,2026-06-30 20:00:49.794904
21470,W002,411,51,26,2026-06-30 20:00:49.794904
16012,W003,424,49,21,2026-06-30 20:00:49.794904
85025C,W001,102,38,16,2026-06-30 20:00:49.794904
21849,W001,138,51,12,2026-06-30 20:00:49.794904
85124B,W001,273,51,14,2026-06-30 20:00:49.794904
85124C,W002,94,77,12,2026-06-30 20:00:49.794904
20828,W002,85,72,18,2026-06-30 20:00:49.794904
21623,W001,414,48,23,2026-06-30 20:00:49.794904
16156S,W002,337,59,21,2026-06-30 20:00:49.794904
85049F,W002,93,35,14,2026-06-30 20:00:49.794904
22426,W001,157,74,15,2026-06-30 20:00:49.794904
90082D,W001,193,59,24,2026-06-30 20:00:49.794904
90082A,W003,192,52,13,2026-06-30 20:00:49.794904
90082B,W001,97,66,26,2026-06-30 20:00:49.794904
90081A,W002,379,49,21,2026-06-30 20:00:49.794904
90204,W003,415,67,25,2026-06-30 20:00:49.794904
90185B,W003,165,80,17,2026-06-30 20:00:49.794904
90195A,W001,440,42,14,2026-06-30 20:00:49.794904
90195B,W002,405,60,21,2026-06-30 20:00:49.794904
90196A,W003,418,79,30,2026-06-30 20:00:49.794904
90199A,W003,57,32,21,2026-06-30 20:00:49.794904
90186A,W002,495,36,30,2026-06-30 20:00:49.794904
20894,W001,268,62,26,2026-06-30 20:00:49.794904
85106,W002,353,46,25,2026-06-30 20:00:49.794904
21415,W001,292,42,19,2026-06-30 20:00:49.794904
21416,W002,138,56,29,2026-06-30 20:00:49.794904
21417,W002,305,58,27,2026-06-30 20:00:49.794904
22343,W002,91,56,19,2026-06-30 20:00:49.794904
22474,W003,420,66,21,2026-06-30 20:00:49.794904
18097A,W003,228,80,18,2026-06-30 20:00:49.794904
18097C,W002,138,69,25,2026-06-30 20:00:49.794904
21902,W003,215,52,24,2026-06-30 20:00:49.794904
21901,W002,289,35,17,2026-06-30 20:00:49.794904
21948,W001,338,40,20,2026-06-30 20:00:49.794904
20759,W003,206,54,25,2026-06-30 20:00:49.794904
20760,W002,130,38,15,2026-06-30 20:00:49.794904
20757,W003,268,63,28,2026-06-30 20:00:49.794904
85185D,W001,262,35,26,2026-06-30 20:00:49.794904
85185B,W001,126,77,26,2026-06-30 20:00:49.794904
22439,W001,255,74,27,2026-06-30 20:00:49.794904
79164,W001,381,80,26,2026-06-30 20:00:49.794904
84683,W003,472,69,17,2026-06-30 20:00:49.794904
79163,W003,284,34,12,2026-06-30 20:00:49.794904
22175,W002,362,58,13,2026-06-30 20:00:49.794904
21155,W003,433,38,22,2026-06-30 20:00:49.794904
15060B,W001,170,77,25,2026-06-30 20:00:49.794904
22985,W001,236,33,10,2026-06-30 20:00:49.794904
22821,W003,207,43,23,2026-06-30 20:00:49.794904
22705,W002,267,71,24,2026-06-30 20:00:49.794904
72801C,W001,339,46,11,2026-06-30 20:00:49.794904
72801D,W002,418,40,19,2026-06-30 20:00:49.794904
21735,W002,261,52,19,2026-06-30 20:00:49.794904
21500,W002,211,58,19,2026-06-30 20:00:49.794904
15036,W001,61,60,14,2026-06-30 20:00:49.794904
21539,W003,306,64,24,2026-06-30 20:00:49.794904
22341,W003,486,66,10,2026-06-30 20:00:49.794904
22452,W001,456,64,22,2026-06-30 20:00:49.794904
21508,W001,38,46,15,2026-06-30 20:00:49.794904
21499,W002,27,59,26,2026-06-30 20:00:49.794904
84952B,W002,336,72,27,2026-06-30 20:00:49.794904
35001G,W002,254,60,18,2026-06-30 20:00:49.794904
22264,W003,179,47,28,2026-06-30 20:00:49.794904
22181,W002,373,73,26,2026-06-30 20:00:49.794904
21392,W001,267,39,14,2026-06-30 20:00:49.794904
21393,W003,319,57,13,2026-06-30 20:00:49.794904
21268,W001,477,31,22,2026-06-30 20:00:49.794904
85144,W002,447,60,26,2026-06-30 20:00:49.794904
21025,W002,49,50,19,2026-06-30 20:00:49.794904
21031,W003,371,79,28,2026-06-30 20:00:49.794904
21030,W001,378,48,11,2026-06-30 20:00:49.794904
21026,W003,382,60,25,2026-06-30 20:00:49.794904
21032,W003,332,43,17,2026-06-30 20:00:49.794904
21578,W003,168,56,10,2026-06-30 20:00:49.794904
21357,W001,397,71,27,2026-06-30 20:00:49.794904
20766,W003,368,32,27,2026-06-30 20:00:49.794904
21399,W003,158,45,20,2026-06-30 20:00:49.794904
22562,W003,273,64,15,2026-06-30 20:00:49.794904
21714,W002,335,31,25,2026-06-30 20:00:49.794904
20751,W003,346,65,25,2026-06-30 20:00:49.794904
22636,W002,43,77,22,2026-06-30 20:00:49.794904
21426,W001,350,55,27,2026-06-30 20:00:49.794904
21581,W003,172,37,17,2026-06-30 20:00:49.794904
90002D,W003,471,37,15,2026-06-30 20:00:49.794904
21900,W002,183,53,20,2026-06-30 20:00:49.794904
22031,W002,310,78,17,2026-06-30 20:00:49.794904
21788,W001,320,48,26,2026-06-30 20:00:49.794904
22408,W002,411,34,14,2026-06-30 20:00:49.794904
22406,W001,44,51,13,2026-06-30 20:00:49.794904
22275,W003,231,73,25,2026-06-30 20:00:49.794904
22042,W003,56,50,18,2026-06-30 20:00:49.794904
22089,W003,79,30,24,2026-06-30 20:00:49.794904
85066,W002,220,70,26,2026-06-30 20:00:49.794904
21129,W002,333,51,19,2026-06-30 20:00:49.794904
21059,W003,155,36,28,2026-06-30 20:00:49.794904
22877,W002,236,49,16,2026-06-30 20:00:49.794904
22869,W001,184,41,18,2026-06-30 20:00:49.794904
22878,W001,311,51,27,2026-06-30 20:00:49.794904
21240,W002,440,60,28,2026-06-30 20:00:49.794904
21927,W001,339,60,13,2026-06-30 20:00:49.794904
21925,W001,403,58,16,2026-06-30 20:00:49.794904
22763,W002,213,50,20,2026-06-30 20:00:49.794904
22334,W003,449,80,10,2026-06-30 20:00:49.794904
22655,W003,385,61,23,2026-06-30 20:00:49.794904
22060,W003,386,77,21,2026-06-30 20:00:49.794904
22061,W003,306,45,24,2026-06-30 20:00:49.794904
21531,W002,114,72,24,2026-06-30 20:00:49.794904
21039,W002,389,38,10,2026-06-30 20:00:49.794904
21157,W002,21,60,25,2026-06-30 20:00:49.794904
16161P,W003,302,40,29,2026-06-30 20:00:49.794904
16161M,W002,407,32,17,2026-06-30 20:00:49.794904
85214,W001,433,66,27,2026-06-30 20:00:49.794904
72232,W003,442,45,17,2026-06-30 20:00:49.794904
84247G,W003,473,63,26,2026-06-30 20:00:49.794904
21530,W003,456,45,13,2026-06-30 20:00:49.794904
21528,W001,400,41,16,2026-06-30 20:00:49.794904
21114,W003,401,56,17,2026-06-30 20:00:49.794904
20615,W002,42,34,17,2026-06-30 20:00:49.794904
47021G,W002,487,52,14,2026-06-30 20:00:49.794904
22443,W001,87,40,16,2026-06-30 20:00:49.794904
21807,W001,170,32,21,2026-06-30 20:00:49.794904
22689,W001,29,49,26,2026-06-30 20:00:49.794904
22591,W001,377,48,29,2026-06-30 20:00:49.794904
22504,W002,376,76,10,2026-06-30 20:00:49.794904
22158,W001,86,39,30,2026-06-30 20:00:49.794904
22621,W001,444,40,14,2026-06-30 20:00:49.794904
79000,W001,466,32,28,2026-06-30 20:00:49.794904
85049B,W002,375,54,20,2026-06-30 20:00:49.794904
21878,W003,397,30,16,2026-06-30 20:00:49.794904
85131A,W001,434,45,27,2026-06-30 20:00:49.794904
15056bl,W002,425,71,10,2026-06-30 20:00:49.794904
15056p,W002,221,43,19,2026-06-30 20:00:49.794904
20941,W001,258,67,11,2026-06-30 20:00:49.794904
21066,W003,279,72,18,2026-06-30 20:00:49.794904
21205,W003,367,45,21,2026-06-30 20:00:49.794904
21361,W003,351,80,14,2026-06-30 20:00:49.794904
21876,W002,40,80,22,2026-06-30 20:00:49.794904
22167,W003,277,68,10,2026-06-30 20:00:49.794904
22200,W002,217,45,14,2026-06-30 20:00:49.794904
22412,W002,347,56,10,2026-06-30 20:00:49.794904
22525,W001,204,50,16,2026-06-30 20:00:49.794904
47566b,W001,481,34,28,2026-06-30 20:00:49.794904
72349b,W002,206,41,29,2026-06-30 20:00:49.794904
84872a,W001,97,34,16,2026-06-30 20:00:49.794904
84970l,W001,148,61,30,2026-06-30 20:00:49.794904
84970s,W003,173,32,11,2026-06-30 20:00:49.794904
85039a,W002,77,35,12,2026-06-30 20:00:49.794904
10123C,W002,82,50,24,2026-06-30 20:00:49.794904
10120,W002,78,63,26,2026-06-30 20:00:49.794904
84006,W001,261,71,18,2026-06-30 20:00:49.794904
20767,W003,177,77,13,2026-06-30 20:00:49.794904
90094,W003,198,36,27,2026-06-30 20:00:49.794904
21882,W001,383,34,29,2026-06-30 20:00:49.794904
20886,W001,162,41,20,2026-06-30 20:00:49.794904
21945,W001,135,59,15,2026-06-30 20:00:49.794904
22133,W002,471,60,23,2026-06-30 20:00:49.794904
22456,W003,432,32,14,2026-06-30 20:00:49.794904
22891,W003,306,61,18,2026-06-30 20:00:49.794904
47566,W003,226,60,10,2026-06-30 20:00:49.794904
18098c,W001,80,79,14,2026-06-30 20:00:49.794904
20655,W002,58,75,14,2026-06-30 20:00:49.794904
21100,W001,289,77,15,2026-06-30 20:00:49.794904
21201,W001,67,54,20,2026-06-30 20:00:49.794904
21558,W002,52,57,26,2026-06-30 20:00:49.794904
21865,W001,453,39,26,2026-06-30 20:00:49.794904
22132,W003,342,32,22,2026-06-30 20:00:49.794904
22166,W003,295,42,18,2026-06-30 20:00:49.794904
22518,W003,468,42,20,2026-06-30 20:00:49.794904
22628,W001,443,46,21,2026-06-30 20:00:49.794904
84509c,W003,162,61,28,2026-06-30 20:00:49.794904
84534b,W003,435,64,18,2026-06-30 20:00:49.794904
84559a,W001,282,36,14,2026-06-30 20:00:49.794904
84596e,W002,195,36,16,2026-06-30 20:00:49.794904
84884a,W003,174,64,23,2026-06-30 20:00:49.794904
85014a,W001,492,72,30,2026-06-30 20:00:49.794904
85014b,W003,484,43,21,2026-06-30 20:00:49.794904
85036b,W003,113,43,19,2026-06-30 20:00:49.794904
72803b,W001,431,74,16,2026-06-30 20:00:49.794904
84993A,W002,242,40,22,2026-06-30 20:00:49.794904
84987,W003,402,35,10,2026-06-30 20:00:49.794904
20998,W003,53,69,14,2026-06-30 20:00:49.794904
22702,W001,460,77,21,2026-06-30 20:00:49.794904
84925D,W001,476,57,18,2026-06-30 20:00:49.794904
21078,W002,23,31,25,2026-06-30 20:00:49.794904
22105,W002,45,36,16,2026-06-30 20:00:49.794904
22163,W003,463,49,13,2026-06-30 20:00:49.794904
22216,W002,213,36,26,2026-06-30 20:00:49.794904
22248,W001,294,63,27,2026-06-30 20:00:49.794904
22250,W002,257,72,20,2026-06-30 20:00:49.794904
22251,W002,48,52,21,2026-06-30 20:00:49.794904
22255,W003,39,42,10,2026-06-30 20:00:49.794904
22288,W002,114,31,24,2026-06-30 20:00:49.794904
22363,W002,196,67,27,2026-06-30 20:00:49.794904
22395,W003,432,41,17,2026-06-30 20:00:49.794904
22483,W003,173,37,28,2026-06-30 20:00:49.794904
22546,W001,251,67,21,2026-06-30 20:00:49.794904
22609,W001,479,75,21,2026-06-30 20:00:49.794904
22762,W001,380,53,11,2026-06-30 20:00:49.794904
22811,W003,39,63,27,2026-06-30 20:00:49.794904
22882,W003,34,77,12,2026-06-30 20:00:49.794904
22884,W001,228,56,16,2026-06-30 20:00:49.794904
22908,W001,248,69,12,2026-06-30 20:00:49.794904
35599B,W002,431,63,27,2026-06-30 20:00:49.794904
44234,W003,200,59,10,2026-06-30 20:00:49.794904
71143,W002,147,51,29,2026-06-30 20:00:49.794904
72351A,W003,499,80,19,2026-06-30 20:00:49.794904
75049L,W001,181,70,22,2026-06-30 20:00:49.794904
75131,W002,42,80,28,2026-06-30 20:00:49.794904
79191B,W002,475,50,23,2026-06-30 20:00:49.794904
82001S,W003,248,51,16,2026-06-30 20:00:49.794904
84270,W002,20,62,13,2026-06-30 20:00:49.794904
84660C,W003,51,45,18,2026-06-30 20:00:49.794904
84661B,W003,479,79,25,2026-06-30 20:00:49.794904
84673B,W002,244,62,16,2026-06-30 20:00:49.794904
84927A,W003,393,49,14,2026-06-30 20:00:49.794904
84927F,W003,341,48,28,2026-06-30 20:00:49.794904
85025B,W003,205,31,12,2026-06-30 20:00:49.794904
85054,W001,40,71,20,2026-06-30 20:00:49.794904
85055,W001,442,59,30,2026-06-30 20:00:49.794904
85167B,W001,113,76,27,2026-06-30 20:00:49.794904
85169A,W002,403,55,20,2026-06-30 20:00:49.794904
85169C,W002,182,45,18,2026-06-30 20:00:49.794904
85169D,W002,134,32,24,2026-06-30 20:00:49.794904
85203,W002,484,31,25,2026-06-30 20:00:49.794904
90000D,W003,417,67,17,2026-06-30 20:00:49.794904
90003E,W002,418,68,23,2026-06-30 20:00:49.794904
90028,W003,108,49,12,2026-06-30 20:00:49.794904
90060F,W003,103,56,30,2026-06-30 20:00:49.794904
90114,W001,311,60,23,2026-06-30 20:00:49.794904
90115,W001,474,75,17,2026-06-30 20:00:49.794904
90120B,W001,347,38,13,2026-06-30 20:00:49.794904
90141A,W001,92,38,17,2026-06-30 20:00:49.794904
90199B,W001,119,71,10,2026-06-30 20:00:49.794904
90205A,W001,41,33,23,2026-06-30 20:00:49.794904
90214B,W001,33,64,17,2026-06-30 20:00:49.794904
90214C,W002,49,62,18,2026-06-30 20:00:49.794904
90214F,W001,465,68,14,2026-06-30 20:00:49.794904
90214I,W002,77,46,17,2026-06-30 20:00:49.794904
90214L,W001,160,56,12,2026-06-30 20:00:49.794904
90214N,W002,110,58,10,2026-06-30 20:00:49.794904
90214Y,W001,377,38,11,2026-06-30 20:00:49.794904
16218,W002,494,61,30,2026-06-30 20:00:49.794904
16225,W003,166,30,19,2026-06-30 20:00:49.794904
20686,W003,314,38,25,2026-06-30 20:00:49.794904
21200,W003,351,47,28,2026-06-30 20:00:49.794904
21051,W003,132,38,17,2026-06-30 20:00:49.794904
21112,W003,380,61,22,2026-06-30 20:00:49.794904
21219,W002,246,36,12,2026-06-30 20:00:49.794904
21224,W003,26,56,10,2026-06-30 20:00:49.794904
21261,W003,95,77,12,2026-06-30 20:00:49.794904
21263,W003,70,57,14,2026-06-30 20:00:49.794904
21286,W001,236,53,27,2026-06-30 20:00:49.794904
21446,W002,170,33,16,2026-06-30 20:00:49.794904
21619,W001,177,36,25,2026-06-30 20:00:49.794904
21640,W003,252,66,19,2026-06-30 20:00:49.794904
21675,W001,39,64,25,2026-06-30 20:00:49.794904
21725,W001,230,45,22,2026-06-30 20:00:49.794904
21828,W002,66,48,21,2026-06-30 20:00:49.794904
21829,W001,405,70,10,2026-06-30 20:00:49.794904
21903,W001,164,77,10,2026-06-30 20:00:49.794904
21936,W002,135,77,13,2026-06-30 20:00:49.794904
22959,W001,479,49,26,2026-06-30 20:00:49.794904
17084R,W002,310,65,26,2026-06-30 20:00:49.794904
17091J,W001,131,77,30,2026-06-30 20:00:49.794904
21027,W002,42,53,12,2026-06-30 20:00:49.794904
84539,W003,405,60,14,2026-06-30 20:00:49.794904
90096,W002,86,38,10,2026-06-30 20:00:49.794904
21095,W003,210,69,28,2026-06-30 20:00:49.794904
85018D,W002,346,65,18,2026-06-30 20:00:49.794904
22732,W001,100,55,18,2026-06-30 20:00:49.794904
47503J,W003,336,70,10,2026-06-30 20:00:49.794904
37464,W003,238,75,27,2026-06-30 20:00:49.794904
84247N,W001,489,62,15,2026-06-30 20:00:49.794904
84247K,W002,74,35,29,2026-06-30 20:00:49.794904
22035,W003,75,39,27,2026-06-30 20:00:49.794904
21250,W001,431,62,20,2026-06-30 20:00:49.794904
21677,W003,64,67,29,2026-06-30 20:00:49.794904
47504K,W001,264,59,15,2026-06-30 20:00:49.794904
84212,W001,442,71,24,2026-06-30 20:00:49.794904
21377,W001,397,33,12,2026-06-30 20:00:49.794904
21379,W002,343,63,18,2026-06-30 20:00:49.794904
37489D,W003,487,69,26,2026-06-30 20:00:49.794904
17107D,W003,338,52,23,2026-06-30 20:00:49.794904
37489B,W001,193,78,12,2026-06-30 20:00:49.794904
37489C,W001,52,70,30,2026-06-30 20:00:49.794904
21932,W001,494,68,20,2026-06-30 20:00:49.794904
21933,W003,385,34,19,2026-06-30 20:00:49.794904
37489A,W001,54,33,24,2026-06-30 20:00:49.794904
22072,W002,468,51,12,2026-06-30 20:00:49.794904
21905,W002,205,70,25,2026-06-30 20:00:49.794904
22414,W001,154,59,19,2026-06-30 20:00:49.794904
22116,W003,352,57,28,2026-06-30 20:00:49.794904
85130A,W003,216,31,10,2026-06-30 20:00:49.794904
85129C,W003,211,64,17,2026-06-30 20:00:49.794904
84849A,W002,164,31,29,2026-06-30 20:00:49.794904
22137,W001,369,39,15,2026-06-30 20:00:49.794904
85230B,W002,339,62,16,2026-06-30 20:00:49.794904
85230F,W002,401,47,10,2026-06-30 20:00:49.794904
22306,W003,269,55,11,2026-06-30 20:00:49.794904
20734,W001,193,52,14,2026-06-30 20:00:49.794904
20960,W001,139,49,15,2026-06-30 20:00:49.794904
35970,W001,207,71,12,2026-06-30 20:00:49.794904
47559b,W002,316,72,16,2026-06-30 20:00:49.794904
47591d,W001,315,54,10,2026-06-30 20:00:49.794904
48173c,W001,270,31,25,2026-06-30 20:00:49.794904
82494l,W002,244,34,30,2026-06-30 20:00:49.794904
84030e,W001,195,70,13,2026-06-30 20:00:49.794904
84997b,W001,340,53,26,2026-06-30 20:00:49.794904
84997c,W001,281,58,16,2026-06-30 20:00:49.794904
84997d,W001,232,78,16,2026-06-30 20:00:49.794904
85049a,W002,226,30,15,2026-06-30 20:00:49.794904
85049e,W003,344,35,26,2026-06-30 20:00:49.794904
85099f,W002,427,65,13,2026-06-30 20:00:49.794904
85123a,W001,343,77,17,2026-06-30 20:00:49.794904
84849D,W001,209,45,24,2026-06-30 20:00:49.794904
84507C,W002,319,74,11,2026-06-30 20:00:49.794904
20910,W002,201,33,27,2026-06-30 20:00:49.794904
82616B,W002,159,46,10,2026-06-30 20:00:49.794904
90128B,W002,415,78,10,2026-06-30 20:00:49.794904
90196B,W002,443,45,28,2026-06-30 20:00:49.794904
90198B,W002,372,46,17,2026-06-30 20:00:49.794904
90152B,W001,340,46,25,2026-06-30 20:00:49.794904
90151,W002,64,37,17,2026-06-30 20:00:49.794904
20661,W001,146,30,21,2026-06-30 20:00:49.794904
20652,W003,333,62,30,2026-06-30 20:00:49.794904
21845,W003,313,71,18,2026-06-30 20:00:49.794904
22398,W002,419,70,13,2026-06-30 20:00:49.794904
84877D,W003,342,37,28,2026-06-30 20:00:49.794904
20657,W003,25,47,15,2026-06-30 20:00:49.794904
47422,W002,401,79,27,2026-06-30 20:00:49.794904
21642,W003,422,68,10,2026-06-30 20:00:49.794904
47503H,W001,499,38,23,2026-06-30 20:00:49.794904
72130,W002,479,61,28,2026-06-30 20:00:49.794904
72128,W003,138,39,18,2026-06-30 20:00:49.794904
47343A,W001,166,46,13,2026-06-30 20:00:49.794904
72802A,W001,467,39,30,2026-06-30 20:00:49.794904
72802B,W001,49,35,15,2026-06-30 20:00:49.794904
21054,W001,143,57,16,2026-06-30 20:00:49.794904
22339,W001,394,77,11,2026-06-30 20:00:49.794904
22337,W001,391,57,13,2026-06-30 20:00:49.794904
84562A,W002,293,65,21,2026-06-30 20:00:49.794904
21040,W001,347,44,29,2026-06-30 20:00:49.794904
21937,W001,40,66,18,2026-06-30 20:00:49.794904
22701,W001,265,58,25,2026-06-30 20:00:49.794904
22362,W001,353,39,16,2026-06-30 20:00:49.794904
82011C,W001,139,70,13,2026-06-30 20:00:49.794904
84865,W002,201,80,21,2026-06-30 20:00:49.794904
21287,W001,212,48,29,2026-06-30 20:00:49.794904
79337,W003,490,46,23,2026-06-30 20:00:49.794904
85111,W003,99,64,30,2026-06-30 20:00:49.794904
22307,W002,100,73,15,2026-06-30 20:00:49.794904
85078,W002,141,30,10,2026-06-30 20:00:49.794904
85036B,W002,313,43,28,2026-06-30 20:00:49.794904
85034C,W001,376,34,30,2026-06-30 20:00:49.794904
84614A,W003,284,34,15,2026-06-30 20:00:49.794904
22509,W003,78,49,10,2026-06-30 20:00:49.794904
90145,W003,241,66,23,2026-06-30 20:00:49.794904
90143,W001,397,36,22,2026-06-30 20:00:49.794904
90010A,W003,481,47,13,2026-06-30 20:00:49.794904
90010B,W001,388,45,19,2026-06-30 20:00:49.794904
90050,W003,358,49,29,2026-06-30 20:00:49.794904
90053,W001,330,31,20,2026-06-30 20:00:49.794904
21275,W002,203,46,28,2026-06-30 20:00:49.794904
20829,W003,47,70,22,2026-06-30 20:00:49.794904
21947,W003,222,41,13,2026-06-30 20:00:49.794904
21726,W002,91,66,14,2026-06-30 20:00:49.794904
22671,W001,170,76,22,2026-06-30 20:00:49.794904
20936,W002,103,61,29,2026-06-30 20:00:49.794904
84924A,W003,226,52,18,2026-06-30 20:00:49.794904
35810B,W002,368,59,20,2026-06-30 20:00:49.794904
35241,W002,243,57,10,2026-06-30 20:00:49.794904
17109D,W003,67,56,19,2026-06-30 20:00:49.794904
22853,W003,410,35,19,2026-06-30 20:00:49.794904
85034B,W002,116,47,12,2026-06-30 20:00:49.794904
72800D,W001,486,50,15,2026-06-30 20:00:49.794904
84819,W002,221,54,27,2026-06-30 20:00:49.794904
90185D,W002,84,67,28,2026-06-30 20:00:49.794904
90175A,W002,161,64,26,2026-06-30 20:00:49.794904
22079,W001,200,61,30,2026-06-30 20:00:49.794904
90162B,W002,130,67,28,2026-06-30 20:00:49.794904
90162D,W002,90,66,21,2026-06-30 20:00:49.794904
21626,W001,61,32,25,2026-06-30 20:00:49.794904
90167,W002,472,80,28,2026-06-30 20:00:49.794904
22403,W001,82,63,20,2026-06-30 20:00:49.794904
22563,W002,394,32,24,2026-06-30 20:00:49.794904
84827,W001,349,57,25,2026-06-30 20:00:49.794904
22799,W003,248,59,21,2026-06-30 20:00:49.794904
22305,W002,241,78,13,2026-06-30 20:00:49.794904
84898F,W001,25,78,14,2026-06-30 20:00:49.794904
22415,W002,78,64,12,2026-06-30 20:00:49.794904
22256,W002,476,74,29,2026-06-30 20:00:49.794904
47310M,W002,256,67,28,2026-06-30 20:00:49.794904
84508B,W002,72,63,15,2026-06-30 20:00:49.794904
21555,W002,157,37,15,2026-06-30 20:00:49.794904
22390,W003,111,48,19,2026-06-30 20:00:49.794904
84963A,W003,42,80,27,2026-06-30 20:00:49.794904
72349B,W002,442,37,20,2026-06-30 20:00:49.794904
84993B,W002,60,56,22,2026-06-30 20:00:49.794904
85206A,W003,218,37,21,2026-06-30 20:00:49.794904
22021,W001,426,67,20,2026-06-30 20:00:49.794904
84596G,W001,59,51,16,2026-06-30 20:00:49.794904
21445,W002,262,64,19,2026-06-30 20:00:49.794904
77101A,W003,96,32,26,2026-06-30 20:00:49.794904
84358,W002,48,63,29,2026-06-30 20:00:49.794904
21294,W001,76,37,28,2026-06-30 20:00:49.794904
21468,W003,102,52,18,2026-06-30 20:00:49.794904
22123,W002,393,65,21,2026-06-30 20:00:49.794904
22939,W001,387,34,23,2026-06-30 20:00:49.794904
71279,W003,155,34,10,2026-06-30 20:00:49.794904
22598,W002,447,54,11,2026-06-30 20:00:49.794904
22532,W001,408,69,29,2026-06-30 20:00:49.794904
21413,W002,447,61,15,2026-06-30 20:00:49.794904
79149B,W002,107,72,25,2026-06-30 20:00:49.794904
21682,W002,233,63,20,2026-06-30 20:00:49.794904
78034B,W003,491,75,18,2026-06-30 20:00:49.794904
22894,W001,336,40,11,2026-06-30 20:00:49.794904
79151B,W002,462,37,24,2026-06-30 20:00:49.794904
21090,W003,201,56,24,2026-06-30 20:00:49.794904
21209,W001,260,53,27,2026-06-30 20:00:49.794904
22354,W003,201,58,13,2026-06-30 20:00:49.794904
21635,W003,270,32,18,2026-06-30 20:00:49.794904
35653,W002,29,40,24,2026-06-30 20:00:49.794904
85130D,W002,421,53,12,2026-06-30 20:00:49.794904
15039,W003,421,30,18,2026-06-30 20:00:49.794904
84978,W002,484,36,13,2026-06-30 20:00:49.794904
84569D,W003,313,64,27,2026-06-30 20:00:49.794904
84921,W001,401,63,22,2026-06-30 20:00:49.794904
84508C,W001,138,70,13,2026-06-30 20:00:49.794904
90086,W002,206,45,16,2026-06-30 20:00:49.794904
62018,W002,58,59,18,2026-06-30 20:00:49.794904
16011,W003,405,47,29,2026-06-30 20:00:49.794904
85179A,W001,453,65,17,2026-06-30 20:00:49.794904
21785,W002,177,39,29,2026-06-30 20:00:49.794904
21650,W003,360,31,19,2026-06-30 20:00:49.794904
84874B,W001,276,59,25,2026-06-30 20:00:49.794904
22674,W002,200,53,26,2026-06-30 20:00:49.794904
72051S,W001,274,77,22,2026-06-30 20:00:49.794904
20764,W002,44,52,25,2026-06-30 20:00:49.794904
47579,W002,246,79,27,2026-06-30 20:00:49.794904
21723,W002,208,41,19,2026-06-30 20:00:49.794904
35953,W003,127,76,22,2026-06-30 20:00:49.794904
84051,W002,494,80,20,2026-06-30 20:00:49.794904
21187,W002,281,59,28,2026-06-30 20:00:49.794904
22034,W003,354,70,13,2026-06-30 20:00:49.794904
20980,W002,90,52,17,2026-06-30 20:00:49.794904
35958,W001,313,32,22,2026-06-30 20:00:49.794904
75013B,W003,301,59,29,2026-06-30 20:00:49.794904
22830,W002,117,48,17,2026-06-30 20:00:49.794904
22684,W003,339,39,14,2026-06-30 20:00:49.794904
82011B,W003,198,56,21,2026-06-30 20:00:49.794904
21630,W003,465,40,25,2026-06-30 20:00:49.794904
21580,W002,333,55,11,2026-06-30 20:00:49.794904
22231,W003,353,65,20,2026-06-30 20:00:49.794904
22859,W001,433,31,14,2026-06-30 20:00:49.794904
22860,W003,68,43,13,2026-06-30 20:00:49.794904
22093,W001,451,69,23,2026-06-30 20:00:49.794904
20748,W001,372,72,18,2026-06-30 20:00:49.794904
85208,W003,286,56,14,2026-06-30 20:00:49.794904
22129,W003,333,52,10,2026-06-30 20:00:49.794904
22808,W002,128,41,29,2026-06-30 20:00:49.794904
20702,W001,252,64,23,2026-06-30 20:00:49.794904
85187,W002,359,76,15,2026-06-30 20:00:49.794904
21683,W001,368,70,23,2026-06-30 20:00:49.794904
22770,W002,446,45,21,2026-06-30 20:00:49.794904
84563B,W001,28,76,28,2026-06-30 20:00:49.794904
79190A,W002,134,68,24,2026-06-30 20:00:49.794904
15034,W001,352,32,22,2026-06-30 20:00:49.794904
85129B,W003,105,34,19,2026-06-30 20:00:49.794904
35924,W001,489,35,23,2026-06-30 20:00:49.794904
20671,W002,341,42,21,2026-06-30 20:00:49.794904
21904,W003,99,48,22,2026-06-30 20:00:49.794904
22843,W003,246,49,19,2026-06-30 20:00:49.794904
22199,W001,429,51,28,2026-06-30 20:00:49.794904
84968A,W003,403,57,28,2026-06-30 20:00:49.794904
47369A,W003,179,69,12,2026-06-30 20:00:49.794904
47369B,W001,371,56,29,2026-06-30 20:00:49.794904
47367B,W001,34,79,19,2026-06-30 20:00:49.794904
21695,W002,219,44,30,2026-06-30 20:00:49.794904
84773,W002,419,37,21,2026-06-30 20:00:49.794904
21424,W001,205,68,29,2026-06-30 20:00:49.794904
21819,W002,165,74,12,2026-06-30 20:00:49.794904
22817,W001,234,56,26,2026-06-30 20:00:49.794904
16161U,W002,402,47,24,2026-06-30 20:00:49.794904
22252,W003,180,55,23,2026-06-30 20:00:49.794904
21401,W003,66,44,26,2026-06-30 20:00:49.794904
84597C,W002,68,31,20,2026-06-30 20:00:49.794904
51020A,W001,255,66,21,2026-06-30 20:00:49.794904
51020B,W001,257,60,20,2026-06-30 20:00:49.794904
21306,W003,144,46,13,2026-06-30 20:00:49.794904
21311,W002,446,30,17,2026-06-30 20:00:49.794904
21307,W002,253,30,11,2026-06-30 20:00:49.794904
21277,W002,430,78,21,2026-06-30 20:00:49.794904
22475,W002,139,35,16,2026-06-30 20:00:49.794904
90200E,W002,65,66,17,2026-06-30 20:00:49.794904
90062,W002,221,70,12,2026-06-30 20:00:49.794904
21616,W002,298,55,19,2026-06-30 20:00:49.794904
20659,W003,94,31,30,2026-06-30 20:00:49.794904
20985,W001,443,44,18,2026-06-30 20:00:49.794904
84596L,W001,440,31,18,2026-06-30 20:00:49.794904
84596F,W002,407,43,15,2026-06-30 20:00:49.794904
22346,W001,376,72,19,2026-06-30 20:00:49.794904
22344,W001,224,39,14,2026-06-30 20:00:49.794904
85215,W001,44,78,18,2026-06-30 20:00:49.794904
85062,W003,126,73,28,2026-06-30 20:00:49.794904
22984,W003,414,56,16,2026-06-30 20:00:49.794904
85036C,W001,234,67,13,2026-06-30 20:00:49.794904
21202,W002,401,44,30,2026-06-30 20:00:49.794904
84531A,W001,156,68,12,2026-06-30 20:00:49.794904
84531B,W003,32,57,22,2026-06-30 20:00:49.794904
21910,W003,147,60,16,2026-06-30 20:00:49.794904
22461,W002,459,42,11,2026-06-30 20:00:49.794904
22833,W003,26,34,15,2026-06-30 20:00:49.794904
22690,W001,37,77,22,2026-06-30 20:00:49.794904
84881,W001,48,64,29,2026-06-30 20:00:49.794904
21613,W001,287,72,28,2026-06-30 20:00:49.794904
21693,W002,273,49,21,2026-06-30 20:00:49.794904
84809A,W002,232,55,29,2026-06-30 20:00:49.794904
79190D,W001,82,59,27,2026-06-30 20:00:49.794904
22157,W003,198,67,20,2026-06-30 20:00:49.794904
84795B,W003,72,76,21,2026-06-30 20:00:49.794904
20771,W003,276,35,21,2026-06-30 20:00:49.794904
37327,W002,390,50,10,2026-06-30 20:00:49.794904
85027L,W001,60,71,27,2026-06-30 20:00:49.794904
85017C,W001,466,41,26,2026-06-30 20:00:49.794904
16010,W003,424,56,13,2026-06-30 20:00:49.794904
35001W,W001,221,46,11,2026-06-30 20:00:49.794904
84707B,W001,373,56,20,2026-06-30 20:00:49.794904
21167,W003,237,68,24,2026-06-30 20:00:49.794904
51008,W002,404,69,29,2026-06-30 20:00:49.794904
21713,W003,86,68,29,2026-06-30 20:00:49.794904
20802,W003,280,64,24,2026-06-30 20:00:49.794904
22052,W002,472,79,26,2026-06-30 20:00:49.794904
20781,W001,362,45,18,2026-06-30 20:00:49.794904
22389,W003,273,69,13,2026-06-30 20:00:49.794904
84840,W003,123,54,10,2026-06-30 20:00:49.794904
22073,W002,24,69,17,2026-06-30 20:00:49.794904
20716,W001,94,54,22,2026-06-30 20:00:49.794904
20782,W001,362,77,29,2026-06-30 20:00:49.794904
20847,W001,135,51,15,2026-06-30 20:00:49.794904
21291,W002,325,41,17,2026-06-30 20:00:49.794904
21319,W001,215,48,15,2026-06-30 20:00:49.794904
21359,W001,124,79,16,2026-06-30 20:00:49.794904
21397,W002,123,35,27,2026-06-30 20:00:49.794904
21627,W002,348,60,29,2026-06-30 20:00:49.794904
21632,W003,479,79,30,2026-06-30 20:00:49.794904
22106,W001,280,69,10,2026-06-30 20:00:49.794904
22108,W003,491,76,30,2026-06-30 20:00:49.794904
22221,W002,278,79,10,2026-06-30 20:00:49.794904
22223,W001,90,79,10,2026-06-30 20:00:49.794904
22282,W003,284,57,12,2026-06-30 20:00:49.794904
22329,W003,406,47,25,2026-06-30 20:00:49.794904
22416,W001,65,37,22,2026-06-30 20:00:49.794904
22613,W002,270,53,12,2026-06-30 20:00:49.794904
35648,W003,335,67,23,2026-06-30 20:00:49.794904
35651,W002,209,36,28,2026-06-30 20:00:49.794904
37447,W003,193,59,18,2026-06-30 20:00:49.794904
46118,W002,85,55,18,2026-06-30 20:00:49.794904
46776C,W002,97,47,10,2026-06-30 20:00:49.794904
46776E,W003,273,64,15,2026-06-30 20:00:49.794904
62094B,W001,392,46,27,2026-06-30 20:00:49.794904
84078A,W003,500,65,24,2026-06-30 20:00:49.794904
84228,W003,149,54,15,2026-06-30 20:00:49.794904
84568,W002,180,39,29,2026-06-30 20:00:49.794904
84789,W003,37,70,18,2026-06-30 20:00:49.794904
84813,W003,157,45,22,2026-06-30 20:00:49.794904
85093,W002,138,55,15,2026-06-30 20:00:49.794904
85096,W002,73,64,29,2026-06-30 20:00:49.794904
85202,W001,270,53,27,2026-06-30 20:00:49.794904
85204,W001,435,56,19,2026-06-30 20:00:49.794904
90001D,W002,322,58,21,2026-06-30 20:00:49.794904
90013C,W003,242,47,21,2026-06-30 20:00:49.794904
90014B,W001,428,74,19,2026-06-30 20:00:49.794904
90085,W002,355,54,10,2026-06-30 20:00:49.794904
90132,W003,183,52,20,2026-06-30 20:00:49.794904
90140,W001,304,37,17,2026-06-30 20:00:49.794904
90141B,W003,248,33,17,2026-06-30 20:00:49.794904
90158,W002,299,37,14,2026-06-30 20:00:49.794904
90183A,W003,499,66,20,2026-06-30 20:00:49.794904
90183B,W002,493,75,10,2026-06-30 20:00:49.794904
90201B,W003,130,31,21,2026-06-30 20:00:49.794904
90212B,W003,248,46,22,2026-06-30 20:00:49.794904
84712B,W003,462,49,27,2026-06-30 20:00:49.794904
22279,W001,416,44,12,2026-06-30 20:00:49.794904
22280,W001,312,38,25,2026-06-30 20:00:49.794904
22377,W002,72,80,15,2026-06-30 20:00:49.794904
22495,W002,114,50,28,2026-06-30 20:00:49.794904
22521,W002,497,39,14,2026-06-30 20:00:49.794904
22523,W002,42,79,26,2026-06-30 20:00:49.794904
22677,W003,380,57,12,2026-06-30 20:00:49.794904
22682,W003,32,33,21,2026-06-30 20:00:49.794904
22715,W002,154,34,30,2026-06-30 20:00:49.794904
21253,W003,130,75,13,2026-06-30 20:00:49.794904
21265,W003,130,36,21,2026-06-30 20:00:49.794904
21389,W001,296,45,12,2026-06-30 20:00:49.794904
21391,W002,345,74,16,2026-06-30 20:00:49.794904
21403,W002,138,52,18,2026-06-30 20:00:49.794904
21534,W002,381,66,19,2026-06-30 20:00:49.794904
21618,W003,374,32,23,2026-06-30 20:00:49.794904
21812,W001,488,75,21,2026-06-30 20:00:49.794904
21847,W003,496,44,23,2026-06-30 20:00:49.794904
21943,W001,419,79,27,2026-06-30 20:00:49.794904
22104,W002,182,78,18,2026-06-30 20:00:49.794904
22322,W002,416,57,26,2026-06-30 20:00:49.794904
22340,W001,396,65,28,2026-06-30 20:00:49.794904
35833G,W003,384,68,23,2026-06-30 20:00:49.794904
35916A,W001,61,33,26,2026-06-30 20:00:49.794904
46776A,W002,462,75,18,2026-06-30 20:00:49.794904
72351B,W001,124,57,19,2026-06-30 20:00:49.794904
84459A,W001,467,57,19,2026-06-30 20:00:49.794904
84637,W003,279,66,26,2026-06-30 20:00:49.794904
85039B,W001,321,55,24,2026-06-30 20:00:49.794904
85039C,W001,33,55,23,2026-06-30 20:00:49.794904
85131C,W001,148,72,25,2026-06-30 20:00:49.794904
90010E,W001,344,52,18,2026-06-30 20:00:49.794904
90039C,W002,227,49,25,2026-06-30 20:00:49.794904
90056,W001,20,39,21,2026-06-30 20:00:49.794904
90081C,W001,174,48,12,2026-06-30 20:00:49.794904
90101,W001,445,46,17,2026-06-30 20:00:49.794904
90130B,W003,498,41,19,2026-06-30 20:00:49.794904
90130C,W002,482,75,20,2026-06-30 20:00:49.794904
15044C,W003,423,75,29,2026-06-30 20:00:49.794904
20762,W003,276,39,12,2026-06-30 20:00:49.794904
20803,W002,434,30,15,2026-06-30 20:00:49.794904
18007,W002,400,67,24,2026-06-30 20:00:49.794904
21720,W003,153,69,28,2026-06-30 20:00:49.794904
84968F,W002,456,56,17,2026-06-30 20:00:49.794904
21289,W003,268,30,29,2026-06-30 20:00:49.794904
22606,W003,457,78,19,2026-06-30 20:00:49.794904
37479B,W003,394,45,30,2026-06-30 20:00:49.794904
37482P,W001,338,67,24,2026-06-30 20:00:49.794904
20903,W003,91,35,10,2026-06-30 20:00:49.794904
20897,W003,79,79,16,2026-06-30 20:00:49.794904
71403,W002,193,72,13,2026-06-30 20:00:49.794904
22683,W003,332,43,19,2026-06-30 20:00:49.794904
22685,W001,106,78,11,2026-06-30 20:00:49.794904
21973,W002,337,56,17,2026-06-30 20:00:49.794904
22691,W001,345,59,20,2026-06-30 20:00:49.794904
21162,W001,36,52,24,2026-06-30 20:00:49.794904
84926D,W003,161,54,13,2026-06-30 20:00:49.794904
22233,W002,120,47,24,2026-06-30 20:00:49.794904
35400,W001,78,64,24,2026-06-30 20:00:49.794904
22486,W001,422,46,10,2026-06-30 20:00:49.794904
72801G,W003,308,60,15,2026-06-30 20:00:49.794904
84711A,W003,30,55,13,2026-06-30 20:00:49.794904
16169N,W003,285,66,15,2026-06-30 20:00:49.794904
20769,W002,92,39,29,2026-06-30 20:00:49.794904
35597A,W003,47,48,17,2026-06-30 20:00:49.794904
47480,W003,437,55,24,2026-06-30 20:00:49.794904
84522,W002,185,44,16,2026-06-30 20:00:49.794904
20731,W002,481,74,13,2026-06-30 20:00:49.794904
35597B,W001,432,48,24,2026-06-30 20:00:49.794904
84596B,W002,295,49,19,2026-06-30 20:00:49.794904
21226,W001,494,68,30,2026-06-30 20:00:49.794904
79160,W002,250,47,21,2026-06-30 20:00:49.794904
72131,W002,294,69,22,2026-06-30 20:00:49.794904
21089,W003,242,44,25,2026-06-30 20:00:49.794904
21647,W001,433,51,22,2026-06-30 20:00:49.794904
72122,W002,318,31,18,2026-06-30 20:00:49.794904
84912A,W003,285,69,25,2026-06-30 20:00:49.794904
85036A,W001,360,32,12,2026-06-30 20:00:49.794904
84569A,W003,258,74,27,2026-06-30 20:00:49.794904
20775,W002,167,39,13,2026-06-30 20:00:49.794904
90179C,W001,105,36,27,2026-06-30 20:00:49.794904
90060D,W003,349,71,27,2026-06-30 20:00:49.794904
85020,W003,377,45,22,2026-06-30 20:00:49.794904
20861,W003,165,62,19,2026-06-30 20:00:49.794904
21827,W003,494,72,20,2026-06-30 20:00:49.794904
79051A,W001,469,47,27,2026-06-30 20:00:49.794904
17007B,W001,333,47,29,2026-06-30 20:00:49.794904
22700,W003,213,50,23,2026-06-30 20:00:49.794904
10124A,W003,156,66,22,2026-06-30 20:00:49.794904
21644,W003,373,33,17,2026-06-30 20:00:49.794904
46000P,W001,249,50,17,2026-06-30 20:00:49.794904
22681,W003,39,42,20,2026-06-30 20:00:49.794904
21746,W003,225,35,30,2026-06-30 20:00:49.794904
84916,W001,104,78,30,2026-06-30 20:00:49.794904
40005B,W002,100,67,22,2026-06-30 20:00:49.794904
18094C,W001,237,46,20,2026-06-30 20:00:49.794904
22085,W001,468,31,22,2026-06-30 20:00:49.794904
47586A,W001,184,79,10,2026-06-30 20:00:49.794904
46115B,W002,79,48,15,2026-06-30 20:00:49.794904
84975,W002,407,37,23,2026-06-30 20:00:49.794904
21336,W003,163,58,24,2026-06-30 20:00:49.794904
22050,W001,253,65,17,2026-06-30 20:00:49.794904
21680,W003,328,77,11,2026-06-30 20:00:49.794904
20819,W003,375,44,24,2026-06-30 20:00:49.794904
84925F,W001,300,74,19,2026-06-30 20:00:49.794904
22535,W001,306,39,19,2026-06-30 20:00:49.794904
84968E,W001,303,45,13,2026-06-30 20:00:49.794904
16169K,W002,35,54,16,2026-06-30 20:00:49.794904
21001,W001,488,75,12,2026-06-30 20:00:49.794904
21028,W002,121,56,10,2026-06-30 20:00:49.794904
21171,W003,271,59,19,2026-06-30 20:00:49.794904
21204,W002,166,43,29,2026-06-30 20:00:49.794904
21222,W003,170,57,29,2026-06-30 20:00:49.794904
21251,W001,267,50,23,2026-06-30 20:00:49.794904
21375,W001,156,76,25,2026-06-30 20:00:49.794904
21595,W001,314,50,28,2026-06-30 20:00:49.794904
22101,W001,211,66,12,2026-06-30 20:00:49.794904
35914,W003,365,43,18,2026-06-30 20:00:49.794904
37462E,W003,374,35,20,2026-06-30 20:00:49.794904
47481,W001,31,71,30,2026-06-30 20:00:49.794904
84313B,W002,287,76,20,2026-06-30 20:00:49.794904
84422,W002,171,31,15,2026-06-30 20:00:49.794904
84429A,W003,83,36,22,2026-06-30 20:00:49.794904
84509C,W003,142,35,22,2026-06-30 20:00:49.794904
84510C,W001,150,31,26,2026-06-30 20:00:49.794904
84917,W002,430,78,13,2026-06-30 20:00:49.794904
85087,W001,467,32,23,2026-06-30 20:00:49.794904
85094,W003,159,56,22,2026-06-30 20:00:49.794904
85125,W002,41,76,12,2026-06-30 20:00:49.794904
90013A,W002,322,56,23,2026-06-30 20:00:49.794904
90059A,W003,143,30,13,2026-06-30 20:00:49.794904
90073,W002,53,60,16,2026-06-30 20:00:49.794904
90074,W002,128,65,20,2026-06-30 20:00:49.794904
90104,W001,124,75,23,2026-06-30 20:00:49.794904
90129C,W003,257,42,18,2026-06-30 20:00:49.794904
90129D,W002,235,45,24,2026-06-30 20:00:49.794904
90129E,W003,457,72,24,2026-06-30 20:00:49.794904
90160C,W003,25,74,14,2026-06-30 20:00:49.794904
90161D,W001,427,37,23,2026-06-30 20:00:49.794904
90175B,W003,405,37,10,2026-06-30 20:00:49.794904
90177D,W002,78,61,25,2026-06-30 20:00:49.794904
90184C,W003,29,71,15,2026-06-30 20:00:49.794904
90185A,W002,463,66,12,2026-06-30 20:00:49.794904
90208,W001,395,43,30,2026-06-30 20:00:49.794904
15044D,W001,474,44,13,2026-06-30 20:00:49.794904
84707A,W001,422,32,18,2026-06-30 20:00:49.794904
21617,W003,45,75,26,2026-06-30 20:00:49.794904
22693,W002,105,34,29,2026-06-30 20:00:49.794904
35646,W003,128,34,25,2026-06-30 20:00:49.794904
47574A,W001,232,60,25,2026-06-30 20:00:49.794904
72819,W003,169,44,30,2026-06-30 20:00:49.794904
84665,W003,299,44,10,2026-06-30 20:00:49.794904
20857,W002,228,67,30,2026-06-30 20:00:49.794904
85047,W001,301,31,10,2026-06-30 20:00:49.794904
22679,W001,429,44,30,2026-06-30 20:00:49.794904
22520,W002,462,46,18,2026-06-30 20:00:49.794904
22516,W001,385,59,25,2026-06-30 20:00:49.794904
22353,W003,175,72,13,2026-06-30 20:00:49.794904
22498,W001,290,45,27,2026-06-30 20:00:49.794904
S,W002,358,41,10,2026-06-30 20:00:49.794904
84725,W001,39,79,24,2026-06-30 20:00:49.794904
37479P,W002,209,76,17,2026-06-30 20:00:49.794904
AMAZONFEE,W001,86,37,19,2026-06-30 20:00:49.794904
17038,W003,64,65,20,2026-06-30 20:00:49.794904
84388,W002,468,54,30,2026-06-30 20:00:49.794904
17084J,W003,452,71,20,2026-06-30 20:00:49.794904
84968D,W002,49,30,29,2026-06-30 20:00:49.794904
22211,W002,379,72,22,2026-06-30 20:00:49.794904
22903,W001,132,37,27,2026-06-30 20:00:49.794904
22026,W003,447,33,11,2026-06-30 20:00:49.794904
37340,W002,350,74,17,2026-06-30 20:00:49.794904
16052,W001,275,57,20,2026-06-30 20:00:49.794904
16219,W003,443,55,26,2026-06-30 20:00:49.794904
20763,W002,175,37,19,2026-06-30 20:00:49.794904
20801,W001,249,57,27,2026-06-30 20:00:49.794904
20892,W002,395,70,24,2026-06-30 20:00:49.794904
21316,W002,245,70,19,2026-06-30 20:00:49.794904
21666,W001,93,37,18,2026-06-30 20:00:49.794904
22293,W001,80,65,26,2026-06-30 20:00:49.794904
22608,W002,410,63,20,2026-06-30 20:00:49.794904
22789,W003,358,68,14,2026-06-30 20:00:49.794904
22880,W001,31,52,16,2026-06-30 20:00:49.794904
22883,W002,113,34,16,2026-06-30 20:00:49.794904
22889,W001,438,45,15,2026-06-30 20:00:49.794904
35809A,W001,198,48,27,2026-06-30 20:00:49.794904
35833P,W002,408,40,22,2026-06-30 20:00:49.794904
37500,W003,422,76,20,2026-06-30 20:00:49.794904
37501,W002,308,54,19,2026-06-30 20:00:49.794904
79144C,W003,196,71,22,2026-06-30 20:00:49.794904
85130B,W002,21,73,22,2026-06-30 20:00:49.794904
85170C,W003,318,79,27,2026-06-30 20:00:49.794904
90000B,W002,340,53,25,2026-06-30 20:00:49.794904
90003B,W003,211,74,25,2026-06-30 20:00:49.794904
90005A,W003,209,37,23,2026-06-30 20:00:49.794904
90019C,W003,126,30,20,2026-06-30 20:00:49.794904
90087,W003,230,33,21,2026-06-30 20:00:49.794904
90168,W003,322,64,25,2026-06-30 20:00:49.794904
90169,W002,56,60,11,2026-06-30 20:00:49.794904
90187B,W003,258,68,21,2026-06-30 20:00:49.794904
90202C,W001,415,30,30,2026-06-30 20:00:49.794904
90210C,W001,73,63,24,2026-06-30 20:00:49.794904
22528,W001,108,51,17,2026-06-30 20:00:49.794904
48189,W003,291,39,19,2026-06-30 20:00:49.794904
84989a,W002,284,36,11,2026-06-30 20:00:49.794904
15056n,W003,191,40,18,2026-06-30 20:00:49.794904
21410,W001,74,35,27,2026-06-30 20:00:49.794904
84559b,W003,446,71,15,2026-06-30 20:00:49.794904
84660c,W003,413,80,16,2026-06-30 20:00:49.794904
85114c,W002,486,75,15,2026-06-30 20:00:49.794904
85173,W002,451,33,15,2026-06-30 20:00:49.794904
22513,W002,396,79,28,2026-06-30 20:00:49.794904
72351a,W002,460,80,18,2026-06-30 20:00:49.794904
84510c,W001,486,38,17,2026-06-30 20:00:49.794904
84596b,W003,135,34,28,2026-06-30 20:00:49.794904
85035c,W001,215,37,15,2026-06-30 20:00:49.794904
85119,W002,121,72,16,2026-06-30 20:00:49.794904
85132a,W001,107,64,24,2026-06-30 20:00:49.794904
22875,W003,406,30,20,2026-06-30 20:00:49.794904
47570b,W001,454,59,27,2026-06-30 20:00:49.794904
84558a,W002,210,72,11,2026-06-30 20:00:49.794904
21689,W003,376,46,18,2026-06-30 20:00:49.794904
84247E,W003,141,66,10,2026-06-30 20:00:49.794904
85170B,W001,325,70,30,2026-06-30 20:00:49.794904
85170A,W003,111,57,10,2026-06-30 20:00:49.794904
85059,W002,496,57,11,2026-06-30 20:00:49.794904
84497,W003,103,31,21,2026-06-30 20:00:49.794904
85026B,W002,497,54,22,2026-06-30 20:00:49.794904
90175D,W002,350,75,14,2026-06-30 20:00:49.794904
22512,W003,357,63,24,2026-06-30 20:00:49.794904
22611,W002,159,63,24,2026-06-30 20:00:49.794904
22873,W002,203,38,16,2026-06-30 20:00:49.794904
37467,W003,470,57,25,2026-06-30 20:00:49.794904
84251B,W001,401,50,29,2026-06-30 20:00:49.794904
84927D,W002,346,72,20,2026-06-30 20:00:49.794904
85040A,W003,458,46,25,2026-06-30 20:00:49.794904
85213,W002,196,65,19,2026-06-30 20:00:49.794904
90001C,W003,259,75,26,2026-06-30 20:00:49.794904
90019A,W003,306,57,23,2026-06-30 20:00:49.794904
90023,W002,135,56,24,2026-06-30 20:00:49.794904
90027A,W003,227,62,11,2026-06-30 20:00:49.794904
90170,W002,407,42,21,2026-06-30 20:00:49.794904
90186B,W003,364,79,24,2026-06-30 20:00:49.794904
90198A,W002,42,63,24,2026-06-30 20:00:49.794904
90211B,W003,146,67,22,2026-06-30 20:00:49.794904
90214K,W001,167,60,16,2026-06-30 20:00:49.794904
90214P,W001,40,80,17,2026-06-30 20:00:49.794904
90214Z,W001,496,69,19,2026-06-30 20:00:49.794904
20663,W001,299,68,24,2026-06-30 20:00:49.794904
20794,W001,355,80,27,2026-06-30 20:00:49.794904
21269,W003,304,47,23,2026-06-30 20:00:49.794904
21792,W001,73,74,19,2026-06-30 20:00:49.794904
90212C,W003,386,72,17,2026-06-30 20:00:49.794904
22708,W002,126,48,12,2026-06-30 20:00:49.794904
22048,W001,76,37,28,2026-06-30 20:00:49.794904
22057,W003,256,55,20,2026-06-30 20:00:49.794904
22930,W001,413,80,21,2026-06-30 20:00:49.794904
22931,W001,305,39,10,2026-06-30 20:00:49.794904
22932,W001,426,63,20,2026-06-30 20:00:49.794904
22937,W002,95,68,10,2026-06-30 20:00:49.794904
22710,W001,66,74,16,2026-06-30 20:00:49.794904
22051,W001,51,73,17,2026-06-30 20:00:49.794904
22936,W003,137,49,20,2026-06-30 20:00:49.794904
22935,W001,333,46,13,2026-06-30 20:00:49.794904
85068,W002,377,52,29,2026-06-30 20:00:49.794904
47348A,W001,452,66,18,2026-06-30 20:00:49.794904
21686,W003,57,62,27,2026-06-30 20:00:49.794904
85024C,W001,428,34,21,2026-06-30 20:00:49.794904
71038,W001,439,39,12,2026-06-30 20:00:49.794904
84613C,W002,20,71,22,2026-06-30 20:00:49.794904
84910A,W001,181,52,12,2026-06-30 20:00:49.794904
21246,W002,276,44,12,2026-06-30 20:00:49.794904
21376,W001,140,48,11,2026-06-30 20:00:49.794904
20618,W001,329,66,24,2026-06-30 20:00:49.794904
16202E,W002,190,64,20,2026-06-30 20:00:49.794904
47420,W003,115,39,30,2026-06-30 20:00:49.794904
22510,W003,271,52,17,2026-06-30 20:00:49.794904
48116,W001,439,73,16,2026-06-30 20:00:49.794904
72709,W002,474,40,23,2026-06-30 20:00:49.794904
72132,W003,232,66,15,2026-06-30 20:00:49.794904
85118,W003,274,36,17,2026-06-30 20:00:49.794904
35968,W003,463,63,20,2026-06-30 20:00:49.794904
22063,W002,85,77,16,2026-06-30 20:00:49.794904
90184B,W001,275,36,21,2026-06-30 20:00:49.794904
90184A,W001,280,67,12,2026-06-30 20:00:49.794904
84415B,W002,266,49,14,2026-06-30 20:00:49.794904
20906,W003,183,38,17,2026-06-30 20:00:49.794904
20703,W003,147,59,17,2026-06-30 20:00:49.794904
71495B,W002,208,64,30,2026-06-30 20:00:49.794904
78124,W003,436,73,27,2026-06-30 20:00:49.794904
79403,W001,427,35,23,2026-06-30 20:00:49.794904
84251G,W002,466,47,21,2026-06-30 20:00:49.794904
90034,W002,74,59,28,2026-06-30 20:00:49.794904
90040C,W001,23,80,13,2026-06-30 20:00:49.794904
90059D,W002,439,35,29,2026-06-30 20:00:49.794904
90089,W001,140,67,24,2026-06-30 20:00:49.794904
90120A,W002,313,39,25,2026-06-30 20:00:49.794904
90201D,W003,358,38,22,2026-06-30 20:00:49.794904
17013D,W001,482,58,30,2026-06-30 20:00:49.794904
17096,W002,64,45,20,2026-06-30 20:00:49.794904
21285,W003,170,56,20,2026-06-30 20:00:49.794904
21442,W002,69,71,26,2026-06-30 20:00:49.794904
21717,W002,22,76,12,2026-06-30 20:00:49.794904
21749,W002,293,53,11,2026-06-30 20:00:49.794904
21750,W001,333,30,30,2026-06-30 20:00:49.794904
22538,W001,205,73,29,2026-06-30 20:00:49.794904
22541,W002,134,34,11,2026-06-30 20:00:49.794904
22647,W003,468,70,13,2026-06-30 20:00:49.794904
22138,W002,427,34,10,2026-06-30 20:00:49.794904
85230G,W002,269,77,26,2026-06-30 20:00:49.794904
71215,W002,444,54,17,2026-06-30 20:00:49.794904
20695,W003,288,49,20,2026-06-30 20:00:49.794904
22820,W003,328,42,26,2026-06-30 20:00:49.794904
84952A,W001,37,37,10,2026-06-30 20:00:49.794904
84706D,W002,143,30,18,2026-06-30 20:00:49.794904
22828,W002,490,66,22,2026-06-30 20:00:49.794904
22703,W003,299,74,26,2026-06-30 20:00:49.794904
84247L,W003,356,61,28,2026-06-30 20:00:49.794904
22698,W001,421,48,24,2026-06-30 20:00:49.794904
84875B,W002,448,58,25,2026-06-30 20:00:49.794904
84876D,W001,59,68,16,2026-06-30 20:00:49.794904
84192,W002,395,41,22,2026-06-30 20:00:49.794904
21628,W001,179,37,21,2026-06-30 20:00:49.794904
22254,W003,214,74,23,2026-06-30 20:00:49.794904
21615,W002,420,31,28,2026-06-30 20:00:49.794904
22236,W003,319,43,11,2026-06-30 20:00:49.794904
22933,W002,389,59,20,2026-06-30 20:00:49.794904
85107,W003,105,30,19,2026-06-30 20:00:49.794904
21382,W002,164,68,15,2026-06-30 20:00:49.794904
44235,W002,108,32,17,2026-06-30 20:00:49.794904
40003,W002,447,50,24,2026-06-30 20:00:49.794904
79190B,W001,410,67,23,2026-06-30 20:00:49.794904
90036D,W001,43,32,23,2026-06-30 20:00:49.794904
21120,W002,488,51,28,2026-06-30 20:00:49.794904
21264,W001,218,33,19,2026-06-30 20:00:49.794904
21284,W002,234,47,18,2026-06-30 20:00:49.794904
22201,W001,463,53,14,2026-06-30 20:00:49.794904
22269,W003,492,76,16,2026-06-30 20:00:49.794904
22526,W001,172,38,17,2026-06-30 20:00:49.794904
84012,W003,133,79,11,2026-06-30 20:00:49.794904
85180B,W001,406,46,18,2026-06-30 20:00:49.794904
90030B,W001,189,72,13,2026-06-30 20:00:49.794904
90030C,W002,106,79,25,2026-06-30 20:00:49.794904
90039B,W001,57,54,27,2026-06-30 20:00:49.794904
90039D,W001,421,71,24,2026-06-30 20:00:49.794904
90093,W001,419,65,15,2026-06-30 20:00:49.794904
90128A,W001,443,66,26,2026-06-30 20:00:49.794904
90128C,W001,86,61,12,2026-06-30 20:00:49.794904
90128D,W003,334,80,19,2026-06-30 20:00:49.794904
90161C,W002,362,49,17,2026-06-30 20:00:49.794904
90174,W003,207,36,20,2026-06-30 20:00:49.794904
90188,W002,250,62,24,2026-06-30 20:00:49.794904
90214O,W001,239,73,24,2026-06-30 20:00:49.794904
DCGS0076,W001,276,71,15,2026-06-30 20:00:49.794904
16015,W003,245,68,10,2026-06-30 20:00:49.794904
16008,W001,119,59,14,2026-06-30 20:00:49.794904
37444B,W001,458,33,11,2026-06-30 20:00:49.794904
37333,W002,111,51,19,2026-06-30 20:00:49.794904
20778,W003,103,75,23,2026-06-30 20:00:49.794904
20758,W001,320,52,18,2026-06-30 20:00:49.794904
22319,W002,284,34,10,2026-06-30 20:00:49.794904
22824,W003,29,40,16,2026-06-30 20:00:49.794904
21132,W002,28,72,14,2026-06-30 20:00:49.794904
84818,W003,343,30,21,2026-06-30 20:00:49.794904
84798A,W001,400,37,14,2026-06-30 20:00:49.794904
22230,W003,414,31,10,2026-06-30 20:00:49.794904
90033,W001,212,66,22,2026-06-30 20:00:49.794904
84843,W001,131,34,17,2026-06-30 20:00:49.794904
85032A,W003,350,45,21,2026-06-30 20:00:49.794904
85032C,W003,85,48,10,2026-06-30 20:00:49.794904
35809a,W001,149,65,20,2026-06-30 20:00:49.794904
79066k,W001,234,78,24,2026-06-30 20:00:49.794904
84536b,W003,500,58,23,2026-06-30 20:00:49.794904
84968a,W002,496,70,21,2026-06-30 20:00:49.794904
21144,W003,408,30,30,2026-06-30 20:00:49.794904
21317,W001,312,79,19,2026-06-30 20:00:49.794904
72815,W002,273,62,30,2026-06-30 20:00:49.794904
84510a,W002,189,64,19,2026-06-30 20:00:49.794904
84968e,W003,95,79,14,2026-06-30 20:00:49.794904
85035a,W001,111,39,27,2026-06-30 20:00:49.794904
22885,W003,60,80,18,2026-06-30 20:00:49.794904
84660b,W001,432,78,19,2026-06-30 20:00:49.794904
84356,W002,148,54,28,2026-06-30 20:00:49.794904
47578A,W002,445,45,29,2026-06-30 20:00:49.794904
21562,W003,474,59,27,2026-06-30 20:00:49.794904
22856,W003,361,75,24,2026-06-30 20:00:49.794904
22934,W002,446,36,15,2026-06-30 20:00:49.794904
16048,W002,290,36,30,2026-06-30 20:00:49.794904
20932,W003,296,45,29,2026-06-30 20:00:49.794904
22263,W002,266,33,23,2026-06-30 20:00:49.794904
46776F,W001,395,77,24,2026-06-30 20:00:49.794904
84509E,W002,260,41,19,2026-06-30 20:00:49.794904
84510E,W003,426,51,13,2026-06-30 20:00:49.794904
84748,W001,279,61,18,2026-06-30 20:00:49.794904
90070,W003,319,76,18,2026-06-30 20:00:49.794904
90147,W003,400,35,28,2026-06-30 20:00:49.794904
90201C,W002,235,75,25,2026-06-30 20:00:49.794904
37475,W001,68,38,21,2026-06-30 20:00:49.794904
84951A,W002,282,67,25,2026-06-30 20:00:49.794904
84951B,W003,435,43,17,2026-06-30 20:00:49.794904
22053,W002,191,39,21,2026-06-30 20:00:49.794904
21131,W003,156,59,12,2026-06-30 20:00:49.794904
20654,W001,454,78,27,2026-06-30 20:00:49.794904
17165D,W002,232,41,17,2026-06-30 20:00:49.794904
22291,W003,143,66,15,2026-06-30 20:00:49.794904
15058A,W002,192,54,16,2026-06-30 20:00:49.794904
20868,W001,83,41,25,2026-06-30 20:00:49.794904
84820,W003,378,67,16,2026-06-30 20:00:49.794904
85006,W001,389,40,24,2026-06-30 20:00:49.794904
84821,W003,283,75,16,2026-06-30 20:00:49.794904
84638,W001,458,50,24,2026-06-30 20:00:49.794904
22229,W001,290,71,10,2026-06-30 20:00:49.794904
22228,W001,127,57,15,2026-06-30 20:00:49.794904
16169P,W002,127,76,30,2026-06-30 20:00:49.794904
16054,W003,265,55,11,2026-06-30 20:00:49.794904
84595E,W002,149,42,25,2026-06-30 20:00:49.794904
35915B,W003,180,41,27,2026-06-30 20:00:49.794904
85086A,W002,81,67,27,2026-06-30 20:00:49.794904
85084,W001,64,59,14,2026-06-30 20:00:49.794904
81950V,W002,277,47,10,2026-06-30 20:00:49.794904
22055,W003,119,67,23,2026-06-30 20:00:49.794904
84631,W002,302,75,14,2026-06-30 20:00:49.794904
84799,W003,371,80,18,2026-06-30 20:00:49.794904
35004P,W001,427,65,27,2026-06-30 20:00:49.794904
21454,W002,417,49,13,2026-06-30 20:00:49.794904
15058B,W002,248,30,13,2026-06-30 20:00:49.794904
22391,W001,375,47,20,2026-06-30 20:00:49.794904
21318,W001,20,75,19,2026-06-30 20:00:49.794904
21418,W001,60,43,30,2026-06-30 20:00:49.794904
21420,W002,127,62,26,2026-06-30 20:00:49.794904
22286,W003,126,57,29,2026-06-30 20:00:49.794904
22287,W002,195,42,27,2026-06-30 20:00:49.794904
35609A,W002,307,52,24,2026-06-30 20:00:49.794904
35610C,W003,296,47,22,2026-06-30 20:00:49.794904
46776D,W002,486,62,25,2026-06-30 20:00:49.794904
84931A,W003,86,44,17,2026-06-30 20:00:49.794904
85211,W001,56,54,25,2026-06-30 20:00:49.794904
90031,W003,217,41,29,2026-06-30 20:00:49.794904
90040A,W002,445,48,24,2026-06-30 20:00:49.794904
90125B,W002,223,71,21,2026-06-30 20:00:49.794904
90125D,W003,122,49,20,2026-06-30 20:00:49.794904
DCGS0003,W002,40,79,25,2026-06-30 20:00:49.794904
85230E,W001,248,47,17,2026-06-30 20:00:49.794904
22826,W002,469,77,27,2026-06-30 20:00:49.794904
22852,W001,51,75,12,2026-06-30 20:00:49.794904
22102,W001,490,41,27,2026-06-30 20:00:49.794904
16033,W002,40,49,12,2026-06-30 20:00:49.794904
20830,W003,455,78,16,2026-06-30 20:00:49.794904
20831,W003,55,70,17,2026-06-30 20:00:49.794904
90003D,W002,318,39,24,2026-06-30 20:00:49.794904
90067A,W002,199,67,15,2026-06-30 20:00:49.794904
21378,W003,439,44,28,2026-06-30 20:00:49.794904
85032B,W001,114,51,20,2026-06-30 20:00:49.794904
22857,W001,156,61,15,2026-06-30 20:00:49.794904
22858,W002,324,59,24,2026-06-30 20:00:49.794904
22861,W003,342,77,19,2026-06-30 20:00:49.794904
22232,W002,149,63,10,2026-06-30 20:00:49.794904
20793,W003,474,66,14,2026-06-30 20:00:49.794904
20664,W001,45,70,19,2026-06-30 20:00:49.794904
47593A,W001,141,63,11,2026-06-30 20:00:49.794904
20670,W003,364,47,11,2026-06-30 20:00:49.794904
21946,W001,274,39,19,2026-06-30 20:00:49.794904
20666,W002,125,67,20,2026-06-30 20:00:49.794904
82605,W003,55,47,18,2026-06-30 20:00:49.794904
85136B,W002,118,33,29,2026-06-30 20:00:49.794904
84882,W002,241,80,20,2026-06-30 20:00:49.794904
85031A,W003,426,52,21,2026-06-30 20:00:49.794904
16216,W003,130,79,26,2026-06-30 20:00:49.794904
84660B,W001,99,63,26,2026-06-30 20:00:49.794904
21736,W001,152,41,12,2026-06-30 20:00:49.794904
84922,W002,354,35,26,2026-06-30 20:00:49.794904
90036E,W002,423,54,21,2026-06-30 20:00:49.794904
90160A,W003,206,49,16,2026-06-30 20:00:49.794904
90160B,W002,174,80,11,2026-06-30 20:00:49.794904
90160D,W001,312,79,28,2026-06-30 20:00:49.794904
82011A,W003,392,39,22,2026-06-30 20:00:49.794904
85183A,W003,269,38,30,2026-06-30 20:00:49.794904
21194,W003,147,50,14,2026-06-30 20:00:49.794904
21972,W002,283,67,18,2026-06-30 20:00:49.794904
22281,W001,330,55,13,2026-06-30 20:00:49.794904
22887,W002,189,45,17,2026-06-30 20:00:49.794904
84876B,W002,88,32,17,2026-06-30 20:00:49.794904
90126A,W001,120,75,27,2026-06-30 20:00:49.794904
90190B,W002,399,70,21,2026-06-30 20:00:49.794904
35610B,W001,313,41,29,2026-06-30 20:00:49.794904
84927E,W003,354,52,21,2026-06-30 20:00:49.794904
84816,W003,315,33,15,2026-06-30 20:00:49.794904
90120D,W001,115,33,25,2026-06-30 20:00:49.794904
22289,W001,212,64,21,2026-06-30 20:00:49.794904
20704,W002,299,44,18,2026-06-30 20:00:49.794904
20818,W002,339,73,24,2026-06-30 20:00:49.794904
21199,W002,178,38,26,2026-06-30 20:00:49.794904
21293,W003,294,65,12,2026-06-30 20:00:49.794904
71495A,W001,471,38,26,2026-06-30 20:00:49.794904
84584,W001,264,79,25,2026-06-30 20:00:49.794904
85179C,W003,140,30,14,2026-06-30 20:00:49.794904
85188B,W002,417,38,25,2026-06-30 20:00:49.794904
90076,W002,136,39,29,2026-06-30 20:00:49.794904
90164A,W001,436,76,11,2026-06-30 20:00:49.794904
90164B,W003,321,47,23,2026-06-30 20:00:49.794904
72780,W002,331,43,29,2026-06-30 20:00:49.794904
22954,W001,237,46,26,2026-06-30 20:00:49.794904
22047,W001,366,57,15,2026-06-30 20:00:49.794904
22214,W001,464,46,18,2026-06-30 20:00:49.794904
90162C,W001,164,46,20,2026-06-30 20:00:49.794904
90078,W002,280,77,13,2026-06-30 20:00:49.794904
90032,W002,290,43,20,2026-06-30 20:00:49.794904
21331,W003,60,52,28,2026-06-30 20:00:49.794904
20848,W002,57,80,15,2026-06-30 20:00:49.794904
20826,W001,112,56,25,2026-06-30 20:00:49.794904
21145,W001,318,59,16,2026-06-30 20:00:49.794904
22723,W002,368,36,13,2026-06-30 20:00:49.794904
22722,W003,491,39,16,2026-06-30 20:00:49.794904
22720,W002,271,79,18,2026-06-30 20:00:49.794904
84575A,W002,117,74,27,2026-06-30 20:00:49.794904
84313C,W002,292,34,10,2026-06-30 20:00:49.794904
21473,W002,295,51,25,2026-06-30 20:00:49.794904
90210A,W002,47,60,13,2026-06-30 20:00:49.794904
84823,W002,96,31,14,2026-06-30 20:00:49.794904
90057,W002,208,63,20,2026-06-30 20:00:49.794904
90210D,W001,453,60,15,2026-06-30 20:00:49.794904
22656,W002,410,44,20,2026-06-30 20:00:49.794904
22782,W003,416,56,29,2026-06-30 20:00:49.794904
84766,W002,232,34,14,2026-06-30 20:00:49.794904
20860,W002,265,67,30,2026-06-30 20:00:49.794904
84711B,W003,405,60,21,2026-06-30 20:00:49.794904
84817,W001,234,35,14,2026-06-30 20:00:49.794904
35832,W003,188,57,25,2026-06-30 20:00:49.794904
22721,W003,278,64,19,2026-06-30 20:00:49.794904
22711,W001,165,30,13,2026-06-30 20:00:49.794904
22522,W001,207,46,28,2026-06-30 20:00:49.794904
22270,W001,104,68,21,2026-06-30 20:00:49.794904
85195,W002,396,79,14,2026-06-30 20:00:49.794904
85194L,W002,213,33,21,2026-06-30 20:00:49.794904
84660A,W001,309,48,14,2026-06-30 20:00:49.794904
75178,W002,208,55,23,2026-06-30 20:00:49.794904
75011,W002,133,74,22,2026-06-30 20:00:49.794904
47503A,W001,486,40,30,2026-06-30 20:00:49.794904
22888,W001,218,54,18,2026-06-30 20:00:49.794904
22886,W003,79,42,12,2026-06-30 20:00:49.794904
22881,W002,441,37,19,2026-06-30 20:00:49.794904
22879,W003,169,65,11,2026-06-30 20:00:49.794904
21631,W001,256,37,14,2026-06-30 20:00:49.794904
20705,W003,474,66,25,2026-06-30 20:00:49.794904
90125A,W001,210,47,20,2026-06-30 20:00:49.794904
85180A,W001,75,79,28,2026-06-30 20:00:49.794904
85159B,W003,292,52,29,2026-06-30 20:00:49.794904
22204,W001,39,33,28,2026-06-30 20:00:49.794904
90058B,W002,426,37,13,2026-06-30 20:00:49.794904
84597B,W002,465,68,29,2026-06-30 20:00:49.794904
84616,W003,53,58,26,2026-06-30 20:00:49.794904
84666,W002,217,55,12,2026-06-30 20:00:49.794904
22303,W002,258,63,11,2026-06-30 20:00:49.794904
84796a,W001,22,54,22,2026-06-30 20:00:49.794904
20871,W001,93,39,23,2026-06-30 20:00:49.794904
21160,W003,469,54,27,2026-06-30 20:00:49.794904
72801d,W001,416,41,22,2026-06-30 20:00:49.794904
85114a,W002,68,43,19,2026-06-30 20:00:49.794904
84673A,W002,230,80,26,2026-06-30 20:00:49.794904
37503,W002,484,75,18,2026-06-30 20:00:49.794904
21386,W001,349,40,14,2026-06-30 20:00:49.794904
90146,W001,465,58,17,2026-06-30 20:00:49.794904
22257,W002,277,75,28,2026-06-30 20:00:49.794904
22258,W003,263,36,24,2026-06-30 20:00:49.794904
22259,W003,385,66,17,2026-06-30 20:00:49.794904
35817P,W003,220,53,23,2026-06-30 20:00:49.794904
85141,W003,438,61,30,2026-06-30 20:00:49.794904
90042A,W001,161,30,28,2026-06-30 20:00:49.794904
90136,W002,480,38,11,2026-06-30 20:00:49.794904
90060B,W002,233,78,20,2026-06-30 20:00:49.794904
90035A,W001,260,32,26,2026-06-30 20:00:49.794904
90133,W002,83,37,30,2026-06-30 20:00:49.794904
90179A,W003,22,33,21,2026-06-30 20:00:49.794904
79329,W002,374,48,14,2026-06-30 20:00:49.794904
85146,W002,50,30,23,2026-06-30 20:00:49.794904
22033,W002,135,35,26,2026-06-30 20:00:49.794904
22032,W003,256,72,26,2026-06-30 20:00:49.794904
84751B,W001,377,63,29,2026-06-30 20:00:49.794904
84507B,W002,278,33,13,2026-06-30 20:00:49.794904
84620,W003,198,36,30,2026-06-30 20:00:49.794904
84929,W002,186,58,22,2026-06-30 20:00:49.794904
21707,W002,225,73,16,2026-06-30 20:00:49.794904
22868,W002,225,64,23,2026-06-30 20:00:49.794904
22874,W001,370,74,13,2026-06-30 20:00:49.794904
22872,W003,482,46,27,2026-06-30 20:00:49.794904
22871,W002,31,33,11,2026-06-30 20:00:49.794904
22302,W001,369,31,14,2026-06-30 20:00:49.794904
47594B,W002,464,30,30,2026-06-30 20:00:49.794904
21196,W002,238,44,22,2026-06-30 20:00:49.794904
22970,W002,257,47,29,2026-06-30 20:00:49.794904
22062,W002,179,53,24,2026-06-30 20:00:49.794904
22040,W003,448,32,28,2026-06-30 20:00:49.794904
21348,W001,323,55,11,2026-06-30 20:00:49.794904
22971,W001,87,48,24,2026-06-30 20:00:49.794904
84877B,W002,125,62,23,2026-06-30 20:00:49.794904
84926F,W003,44,43,18,2026-06-30 20:00:49.794904
21400,W001,479,60,15,2026-06-30 20:00:49.794904
35911A,W003,133,32,30,2026-06-30 20:00:49.794904
85031C,W001,495,44,22,2026-06-30 20:00:49.794904
84613A,W003,368,52,19,2026-06-30 20:00:49.794904
90012B,W002,57,36,21,2026-06-30 20:00:49.794904
21043,W002,378,56,19,2026-06-30 20:00:49.794904
37342,W002,250,79,18,2026-06-30 20:00:49.794904
84750B,W001,260,55,17,2026-06-30 20:00:49.794904
21425,W002,376,32,26,2026-06-30 20:00:49.794904
72800C,W003,254,44,26,2026-06-30 20:00:49.794904
35810A,W001,417,38,13,2026-06-30 20:00:49.794904
21491,W001,294,61,24,2026-06-30 20:00:49.794904
21633,W002,87,70,10,2026-06-30 20:00:49.794904
35607A,W003,422,30,20,2026-06-30 20:00:49.794904
22410,W002,196,48,16,2026-06-30 20:00:49.794904
84859A,W001,426,57,27,2026-06-30 20:00:49.794904
85103,W003,271,68,19,2026-06-30 20:00:49.794904
85031B,W002,266,34,12,2026-06-30 20:00:49.794904
22249,W002,270,33,13,2026-06-30 20:00:49.794904
22407,W001,81,40,17,2026-06-30 20:00:49.794904
85205B,W002,376,80,27,2026-06-30 20:00:49.794904
22929,W002,213,30,21,2026-06-30 20:00:49.794904
85163A,W001,126,49,15,2026-06-30 20:00:49.794904
85163B,W001,448,66,23,2026-06-30 20:00:49.794904
85088,W001,411,38,24,2026-06-30 20:00:49.794904
90201A,W002,136,36,25,2026-06-30 20:00:49.794904
90202A,W003,96,46,26,2026-06-30 20:00:49.794904
90206A,W002,479,51,25,2026-06-30 20:00:49.794904
84600,W002,132,62,25,2026-06-30 20:00:49.794904
84857C,W003,54,77,20,2026-06-30 20:00:49.794904
90144,W001,353,36,24,2026-06-30 20:00:49.794904
90165B,W003,23,57,11,2026-06-30 20:00:49.794904
20694,W001,245,64,20,2026-06-30 20:00:49.794904
20869,W001,55,30,30,2026-06-30 20:00:49.794904
20954,W002,195,32,24,2026-06-30 20:00:49.794904
21455,W002,439,52,16,2026-06-30 20:00:49.794904
22206,W002,21,66,25,2026-06-30 20:00:49.794904
35933,W001,188,41,18,2026-06-30 20:00:49.794904
85232A,W003,116,47,22,2026-06-30 20:00:49.794904
90027B,W001,368,33,22,2026-06-30 20:00:49.794904
90122A,W003,125,37,23,2026-06-30 20:00:49.794904
90197B,W002,115,78,22,2026-06-30 20:00:49.794904
72225C,W002,267,68,28,2026-06-30 20:00:49.794904
46000U,W001,392,72,29,2026-06-30 20:00:49.794904
90072,W002,253,69,26,2026-06-30 20:00:49.794904
90214T,W001,147,64,14,2026-06-30 20:00:49.794904
20934,W003,473,36,11,2026-06-30 20:00:49.794904
21402,W002,249,34,27,2026-06-30 20:00:49.794904
47585A,W002,406,46,26,2026-06-30 20:00:49.794904
90011D,W003,20,38,26,2026-06-30 20:00:49.794904
90012A,W003,457,39,10,2026-06-30 20:00:49.794904
90141C,W001,207,31,29,2026-06-30 20:00:49.794904
90142A,W001,177,62,24,2026-06-30 20:00:49.794904
90165A,W003,64,43,15,2026-06-30 20:00:49.794904
90177B,W003,231,38,19,2026-06-30 20:00:49.794904
90202D,W002,134,80,24,2026-06-30 20:00:49.794904
90154,W001,406,38,24,2026-06-30 20:00:49.794904
90199D,W003,22,76,30,2026-06-30 20:00:49.794904
90014A,W001,478,44,25,2026-06-30 20:00:49.794904
90178B,W003,150,80,16,2026-06-30 20:00:49.794904
21009,W001,119,63,25,2026-06-30 20:00:49.794904
21793,W002,464,30,15,2026-06-30 20:00:49.794904
85023B,W002,465,56,21,2026-06-30 20:00:49.794904
85109,W003,463,75,28,2026-06-30 20:00:49.794904
84804A,W003,211,51,23,2026-06-30 20:00:49.794904
84800L,W001,389,74,30,2026-06-30 20:00:49.794904
84800M,W002,117,48,20,2026-06-30 20:00:49.794904
84806A,W001,352,51,30,2026-06-30 20:00:49.794904
22707,W003,313,80,24,2026-06-30 20:00:49.794904
21503,W001,110,38,12,2026-06-30 20:00:49.794904
90108,W001,79,66,16,2026-06-30 20:00:49.794904
16207A,W001,283,37,20,2026-06-30 20:00:49.794904
21747,W002,199,55,25,2026-06-30 20:00:49.794904
84457,W002,117,45,30,2026-06-30 20:00:49.794904
84249A,W003,218,55,28,2026-06-30 20:00:49.794904
22148,W003,114,46,25,2026-06-30 20:00:49.794904
90011B,W002,364,76,12,2026-06-30 20:00:49.794904
90055,W003,36,72,27,2026-06-30 20:00:49.794904
90142D,W003,53,33,29,2026-06-30 20:00:49.794904
90176B,W001,88,77,22,2026-06-30 20:00:49.794904
21198,W003,135,76,30,2026-06-30 20:00:49.794904
90027D,W002,412,68,10,2026-06-30 20:00:49.794904
44228,W003,211,30,25,2026-06-30 20:00:49.794904
85230A,W002,67,61,23,2026-06-30 20:00:49.794904
79191D,W003,279,67,30,2026-06-30 20:00:49.794904
22066,W001,168,70,17,2026-06-30 20:00:49.794904
35819B,W002,226,53,27,2026-06-30 20:00:49.794904
84199,W003,461,65,10,2026-06-30 20:00:49.794904
82613A,W003,244,54,18,2026-06-30 20:00:49.794904
85135A,W001,226,80,11,2026-06-30 20:00:49.794904
22823,W001,366,64,24,2026-06-30 20:00:49.794904
DCGS0070,W001,381,64,27,2026-06-30 20:00:49.794904
15044A,W003,211,63,20,2026-06-30 20:00:49.794904
85231b,W002,108,33,18,2026-06-30 20:00:49.794904
85114b,W003,73,66,15,2026-06-30 20:00:49.794904
85160a,W002,467,51,12,2026-06-30 20:00:49.794904
m,W002,308,32,14,2026-06-30 20:00:49.794904
82613b,W003,242,59,14,2026-06-30 20:00:49.794904
82613c,W003,277,70,12,2026-06-30 20:00:49.794904
84795b,W001,252,45,10,2026-06-30 20:00:49.794904
47518f,W003,209,64,12,2026-06-30 20:00:49.794904
85035b,W001,258,32,14,2026-06-30 20:00:49.794904
84968f,W001,243,46,26,2026-06-30 20:00:49.794904
85049g,W002,276,45,14,2026-06-30 20:00:49.794904
84499,W001,269,53,24,2026-06-30 20:00:49.794904
16045,W002,352,41,25,2026-06-30 20:00:49.794904
84872A,W002,28,35,26,2026-06-30 20:00:49.794904
21394,W003,120,46,10,2026-06-30 20:00:49.794904
22046,W001,285,40,16,2026-06-30 20:00:49.794904
84931B,W003,24,64,16,2026-06-30 20:00:49.794904
21270,W001,54,30,16,2026-06-30 20:00:49.794904
85161,W003,276,74,10,2026-06-30 20:00:49.794904
90011A,W001,235,42,30,2026-06-30 20:00:49.794904
90013D,W001,78,73,23,2026-06-30 20:00:49.794904
90024E,W001,410,34,25,2026-06-30 20:00:49.794904
90024F,W002,312,34,24,2026-06-30 20:00:49.794904
90103,W003,196,62,12,2026-06-30 20:00:49.794904
90152A,W002,159,40,15,2026-06-30 20:00:49.794904
90205C,W003,274,53,23,2026-06-30 20:00:49.794904
22247,W002,202,50,12,2026-06-30 20:00:49.794904
84251C,W001,125,74,25,2026-06-30 20:00:49.794904
16206B,W003,100,47,23,2026-06-30 20:00:49.794904
46138B,W003,344,76,24,2026-06-30 20:00:49.794904
20701,W003,472,39,11,2026-06-30 20:00:49.794904
90112,W003,229,40,29,2026-06-30 20:00:49.794904
35443,W003,42,48,29,2026-06-30 20:00:49.794904
90125E,W002,449,52,28,2026-06-30 20:00:49.794904
85168B,W002,245,34,20,2026-06-30 20:00:49.794904
85186C,W002,39,66,23,2026-06-30 20:00:49.794904
84926E,W001,162,63,30,2026-06-30 20:00:49.794904
84218,W003,29,57,10,2026-06-30 20:00:49.794904
85194S,W003,267,58,30,2026-06-30 20:00:49.794904
22268,W003,150,75,16,2026-06-30 20:00:49.794904
90037B,W001,407,50,16,2026-06-30 20:00:49.794904
90041,W001,242,55,18,2026-06-30 20:00:49.794904
90125C,W001,61,62,30,2026-06-30 20:00:49.794904
90163A,W003,320,59,15,2026-06-30 20:00:49.794904
90163B,W002,473,33,11,2026-06-30 20:00:49.794904
21412,W001,125,32,16,2026-06-30 20:00:49.794904
35911B,W001,104,50,11,2026-06-30 20:00:49.794904
84989A,W003,162,42,24,2026-06-30 20:00:49.794904
79071B,W001,214,78,13,2026-06-30 20:00:49.794904
16169M,W002,306,49,14,2026-06-30 20:00:49.794904
22709,W003,300,77,19,2026-06-30 20:00:49.794904
79320,W002,106,75,14,2026-06-30 20:00:49.794904
85042,W002,143,47,30,2026-06-30 20:00:49.794904
20785,W002,347,51,12,2026-06-30 20:00:49.794904
85089,W001,361,56,13,2026-06-30 20:00:49.794904
35909A,W003,69,47,18,2026-06-30 20:00:49.794904
35910A,W003,197,34,23,2026-06-30 20:00:49.794904
20933,W003,285,52,22,2026-06-30 20:00:49.794904
35972,W003,487,52,12,2026-06-30 20:00:49.794904
90155,W003,199,64,22,2026-06-30 20:00:49.794904
47589,W001,203,64,11,2026-06-30 20:00:49.794904
79323B,W003,110,36,25,2026-06-30 20:00:49.794904
21645,W003,484,45,11,2026-06-30 20:00:49.794904
84661A,W003,171,32,15,2026-06-30 20:00:49.794904
90118,W001,453,56,26,2026-06-30 20:00:49.794904
90182C,W003,67,66,15,2026-06-30 20:00:49.794904
21278,W002,33,45,26,2026-06-30 20:00:49.794904
47518F,W002,47,73,22,2026-06-30 20:00:49.794904
16156L,W002,244,51,30,2026-06-30 20:00:49.794904
47351B,W001,59,39,23,2026-06-30 20:00:49.794904
21084,W003,258,73,22,2026-06-30 20:00:49.794904
21088,W001,384,69,19,2026-06-30 20:00:49.794904
21096,W001,365,75,18,2026-06-30 20:00:49.794904
90119,W003,60,71,21,2026-06-30 20:00:49.794904
84741C,W001,336,49,10,2026-06-30 20:00:49.794904
22266,W001,366,47,21,2026-06-30 20:00:49.794904
22267,W003,402,41,14,2026-06-30 20:00:49.794904
21003,W003,218,72,19,2026-06-30 20:00:49.794904
21757,W002,446,57,15,2026-06-30 20:00:49.794904
90123B,W003,136,75,25,2026-06-30 20:00:49.794904
90123C,W001,177,65,26,2026-06-30 20:00:49.794904
90122C,W001,41,41,18,2026-06-30 20:00:49.794904
90156,W002,274,62,25,2026-06-30 20:00:49.794904
85023C,W001,218,67,14,2026-06-30 20:00:49.794904
84617,W001,489,67,14,2026-06-30 20:00:49.794904
21332,W001,273,68,20,2026-06-30 20:00:49.794904
35923,W002,327,75,21,2026-06-30 20:00:49.794904
84661C,W003,292,38,23,2026-06-30 20:00:49.794904
90038B,W003,448,37,29,2026-06-30 20:00:49.794904
90137,W003,244,31,14,2026-06-30 20:00:49.794904
21655,W002,113,45,29,2026-06-30 20:00:49.794904
79323P,W003,174,67,11,2026-06-30 20:00:49.794904
72038P,W002,138,65,15,2026-06-30 20:00:49.794904
90181A,W001,372,58,26,2026-06-30 20:00:49.794904
90214W,W002,348,50,13,2026-06-30 20:00:49.794904
90059F,W003,243,73,26,2026-06-30 20:00:49.794904
44091A,W003,380,42,22,2026-06-30 20:00:49.794904
21280,W001,180,53,13,2026-06-30 20:00:49.794904
90037C,W003,195,33,13,2026-06-30 20:00:49.794904
90122B,W001,93,48,23,2026-06-30 20:00:49.794904
35915C,W001,112,44,16,2026-06-30 20:00:49.794904
85197,W003,183,67,24,2026-06-30 20:00:49.794904
85019B,W003,97,62,16,2026-06-30 20:00:49.794904
16207B,W001,74,58,25,2026-06-30 20:00:49.794904
20698,W002,45,78,14,2026-06-30 20:00:49.794904
35265,W001,326,66,21,2026-06-30 20:00:49.794904
16162L,W002,157,35,24,2026-06-30 20:00:49.794904
90092,W001,53,49,30,2026-06-30 20:00:49.794904
90190A,W001,207,63,23,2026-06-30 20:00:49.794904
90011E,W001,288,62,10,2026-06-30 20:00:49.794904
90038A,W001,472,41,27,2026-06-30 20:00:49.794904
90079,W002,248,76,23,2026-06-30 20:00:49.794904
22323,W003,90,77,19,2026-06-30 20:00:49.794904
22103,W003,52,68,23,2026-06-30 20:00:49.794904
90141D,W003,319,64,21,2026-06-30 20:00:49.794904
85160B,W003,36,62,26,2026-06-30 20:00:49.794904
23231,W001,437,39,27,2026-06-30 20:00:49.794904
62086A,W003,207,68,17,2026-06-30 20:00:49.794904
90039A,W002,314,35,18,2026-06-30 20:00:49.794904
21371,W003,103,37,20,2026-06-30 20:00:49.794904
35912B,W001,375,70,19,2026-06-30 20:00:49.794904
23230,W003,228,58,26,2026-06-30 20:00:49.794904
85206B,W003,272,35,11,2026-06-30 20:00:49.794904
85189,W001,297,75,12,2026-06-30 20:00:49.794904
84745A,W001,218,40,30,2026-06-30 20:00:49.794904
84745B,W003,152,42,15,2026-06-30 20:00:49.794904
90130D,W002,278,70,23,2026-06-30 20:00:49.794904
21117,W003,465,54,11,2026-06-30 20:00:49.794904
21459,W003,285,63,27,2026-06-30 20:00:49.794904
21460,W001,313,41,26,2026-06-30 20:00:49.794904
37468,W002,60,70,16,2026-06-30 20:00:49.794904
21897,W003,381,40,20,2026-06-30 20:00:49.794904
85231g,W001,337,43,22,2026-06-30 20:00:49.794904
72369A,W002,90,44,17,2026-06-30 20:00:49.794904
22967,W003,93,67,22,2026-06-30 20:00:49.794904
22957,W002,332,56,11,2026-06-30 20:00:49.794904
21082,W002,293,63,10,2026-06-30 20:00:49.794904
21368,W002,291,67,23,2026-06-30 20:00:49.794904
17174,W001,55,67,16,2026-06-30 20:00:49.794904
23233,W003,55,44,30,2026-06-30 20:00:49.794904
35921,W001,236,68,16,2026-06-30 20:00:49.794904
85200,W001,326,71,14,2026-06-30 20:00:49.794904
84231,W002,42,64,22,2026-06-30 20:00:49.794904
21461,W002,474,38,16,2026-06-30 20:00:49.794904
84462,W001,140,60,20,2026-06-30 20:00:49.794904
84461,W001,50,56,21,2026-06-30 20:00:49.794904
35922,W002,441,32,14,2026-06-30 20:00:49.794904
47469,W003,68,46,14,2026-06-30 20:00:49.794904
23232,W003,478,52,24,2026-06-30 20:00:49.794904
84905,W003,350,80,20,2026-06-30 20:00:49.794904
84806B,W002,332,63,11,2026-06-30 20:00:49.794904
21458,W003,380,42,30,2026-06-30 20:00:49.794904
85198,W002,201,43,15,2026-06-30 20:00:49.794904
90191,W003,200,38,17,2026-06-30 20:00:49.794904
84796B,W001,61,48,15,2026-06-30 20:00:49.794904
23166,W003,320,58,21,2026-06-30 20:00:49.794904
20845,W001,47,31,19,2026-06-30 20:00:49.794904
84033,W001,191,68,21,2026-06-30 20:00:49.794904
85040a,W003,469,77,23,2026-06-30 20:00:49.794904
20795,W003,355,36,21,2026-06-30 20:00:49.794904
47590b,W001,99,44,15,2026-06-30 20:00:49.794904
72807a,W001,117,79,25,2026-06-30 20:00:49.794904
84226,W001,142,63,14,2026-06-30 20:00:49.794904
79323W,W003,135,70,10,2026-06-30 20:00:49.794904
21926,W002,319,58,20,2026-06-30 20:00:49.794904
37379A,W002,197,36,23,2026-06-30 20:00:49.794904
35920,W001,31,66,22,2026-06-30 20:00:49.794904
84801A,W002,194,32,26,2026-06-30 20:00:49.794904
84592,W001,305,61,12,2026-06-30 20:00:49.794904
84800S,W003,54,51,25,2026-06-30 20:00:49.794904
79192A,W001,208,71,13,2026-06-30 20:00:49.794904
85130C,W002,89,54,17,2026-06-30 20:00:49.794904
20756,W003,370,64,25,2026-06-30 20:00:49.794904
22351,W001,186,49,20,2026-06-30 20:00:49.794904
21320,W001,343,46,29,2026-06-30 20:00:49.794904
90027C,W001,452,57,15,2026-06-30 20:00:49.794904
90202B,W002,29,66,28,2026-06-30 20:00:49.794904
22125,W002,258,67,19,2026-06-30 20:00:49.794904
40046A,W001,251,37,10,2026-06-30 20:00:49.794904
85188A,W003,294,46,10,2026-06-30 20:00:49.794904
84527,W001,304,75,15,2026-06-30 20:00:49.794904
72799C,W003,500,56,24,2026-06-30 20:00:49.794904
71101E,W002,213,42,22,2026-06-30 20:00:49.794904
21457,W002,292,68,26,2026-06-30 20:00:49.794904
21456,W002,444,57,30,2026-06-30 20:00:49.794904
35647,W003,466,67,23,2026-06-30 20:00:49.794904
84632,W002,135,43,14,2026-06-30 20:00:49.794904
72801c,W001,369,67,19,2026-06-30 20:00:49.794904
22764,W002,245,32,16,2026-06-30 20:00:49.794904
90037A,W002,34,56,21,2026-06-30 20:00:49.794904
35913B,W001,214,71,15,2026-06-30 20:00:49.794904
22146,W003,494,70,22,2026-06-30 20:00:49.794904
21476,W003,431,70,10,2026-06-30 20:00:49.794904
37351,W001,476,48,20,2026-06-30 20:00:49.794904
85160A,W001,444,43,14,2026-06-30 20:00:49.794904
84997a,W001,121,36,28,2026-06-30 20:00:49.794904
21344,W001,240,34,12,2026-06-30 20:00:49.794904
84974,W002,452,79,13,2026-06-30 20:00:49.794904
72821,W003,399,50,18,2026-06-30 20:00:49.794904
22596,W003,102,68,22,2026-06-30 20:00:49.794904
90123D,W003,170,34,13,2026-06-30 20:00:49.794904
90123A,W002,113,51,10,2026-06-30 20:00:49.794904
90148,W002,401,46,12,2026-06-30 20:00:49.794904
90016B,W002,142,70,28,2026-06-30 20:00:49.794904
90016A,W003,255,51,29,2026-06-30 20:00:49.794904
84847,W002,483,79,16,2026-06-30 20:00:49.794904
20898,W003,153,79,10,2026-06-30 20:00:49.794904
90183C,W003,168,42,24,2026-06-30 20:00:49.794904
DCGS0069,W001,461,30,22,2026-06-30 20:00:49.794904
84465,W001,115,66,26,2026-06-30 20:00:49.794904
20851,W003,464,54,24,2026-06-30 20:00:49.794904
84715,W002,129,48,30,2026-06-30 20:00:49.794904
84919,W003,357,57,11,2026-06-30 20:00:49.794904
84907,W002,490,34,12,2026-06-30 20:00:49.794904
85024B,W001,231,45,18,2026-06-30 20:00:49.794904
35637C,W001,260,32,14,2026-06-30 20:00:49.794904
71496B,W003,158,66,19,2026-06-30 20:00:49.794904
17028J,W002,251,54,27,2026-06-30 20:00:49.794904
17084A,W002,307,76,18,2026-06-30 20:00:49.794904
84795C,W003,91,54,24,2026-06-30 20:00:49.794904
62074B,W001,205,43,24,2026-06-30 20:00:49.794904
85063,W002,241,30,24,2026-06-30 20:00:49.794904
84801B,W002,253,38,26,2026-06-30 20:00:49.794904
84805A,W002,324,74,20,2026-06-30 20:00:49.794904
17136A,W002,498,65,21,2026-06-30 20:00:49.794904
84993a,W001,216,79,24,2026-06-30 20:00:49.794904
72807b,W003,417,63,17,2026-06-30 20:00:49.794904
84509b,W002,184,52,26,2026-06-30 20:00:49.794904
84708B,W003,221,51,27,2026-06-30 20:00:49.794904
44089A,W001,40,57,20,2026-06-30 20:00:49.794904
84723,W003,366,40,14,2026-06-30 20:00:49.794904
22038,W002,117,78,22,2026-06-30 20:00:49.794904
90098,W001,375,45,29,2026-06-30 20:00:49.794904
15058C,W002,48,70,20,2026-06-30 20:00:49.794904
22989,W002,369,67,15,2026-06-30 20:00:49.794904
84968d,W003,389,70,22,2026-06-30 20:00:49.794904
84509a,W003,256,40,18,2026-06-30 20:00:49.794904
84611B,W001,137,76,28,2026-06-30 20:00:49.794904
84612B,W002,105,47,12,2026-06-30 20:00:49.794904
22990,W001,496,39,24,2026-06-30 20:00:49.794904
85092,W001,378,59,30,2026-06-30 20:00:49.794904
DCGSSBOY,W001,225,58,18,2026-06-30 20:00:49.794904
DCGSSGIRL,W002,247,45,20,2026-06-30 20:00:49.794904
35815P,W003,473,30,11,2026-06-30 20:00:49.794904
21228,W003,202,77,30,2026-06-30 20:00:49.794904
84536a,W001,70,57,14,2026-06-30 20:00:49.794904
72812,W003,364,48,11,2026-06-30 20:00:49.794904
82001s,W001,141,75,23,2026-06-30 20:00:49.794904
75172,W001,110,68,26,2026-06-30 20:00:49.794904
45013,W002,402,56,28,2026-06-30 20:00:49.794904
21636,W001,309,59,15,2026-06-30 20:00:49.794904
71510,W001,386,30,16,2026-06-30 20:00:49.794904
44265,W002,60,49,21,2026-06-30 20:00:49.794904
90064B,W002,491,80,11,2026-06-30 20:00:49.794904
90064A,W003,482,37,28,2026-06-30 20:00:49.794904
90063A,W003,57,54,25,2026-06-30 20:00:49.794904
90063B,W003,280,74,14,2026-06-30 20:00:49.794904
90029,W002,99,70,20,2026-06-30 20:00:49.794904
44089C,W001,21,73,10,2026-06-30 20:00:49.794904
44236,W001,71,32,18,2026-06-30 20:00:49.794904
21898,W001,451,57,22,2026-06-30 20:00:49.794904
90024B,W002,441,77,21,2026-06-30 20:00:49.794904
84798B,W003,191,76,30,2026-06-30 20:00:49.794904
84803A,W001,143,69,25,2026-06-30 20:00:49.794904
21681,W001,280,46,16,2026-06-30 20:00:49.794904
35909B,W001,91,68,13,2026-06-30 20:00:49.794904
90180B,W001,479,43,16,2026-06-30 20:00:49.794904
90152C,W002,444,55,12,2026-06-30 20:00:49.794904
84859C,W003,396,45,26,2026-06-30 20:00:49.794904
79406,W003,448,63,11,2026-06-30 20:00:49.794904
22980,W003,207,64,24,2026-06-30 20:00:49.794904
22993,W003,343,68,13,2026-06-30 20:00:49.794904
23006,W003,396,57,22,2026-06-30 20:00:49.794904
23004,W001,489,44,20,2026-06-30 20:00:49.794904
23002,W002,62,50,21,2026-06-30 20:00:49.794904
23003,W002,207,73,20,2026-06-30 20:00:49.794904
23000,W001,242,64,12,2026-06-30 20:00:49.794904
22994,W001,351,62,30,2026-06-30 20:00:49.794904
22998,W003,252,30,16,2026-06-30 20:00:49.794904
84596f,W003,329,57,13,2026-06-30 20:00:49.794904
84596g,W001,500,34,18,2026-06-30 20:00:49.794904
22991,W002,255,64,30,2026-06-30 20:00:49.794904
22992,W001,244,54,20,2026-06-30 20:00:49.794904
22999,W001,464,56,17,2026-06-30 20:00:49.794904
22995,W002,329,74,21,2026-06-30 20:00:49.794904
22996,W003,303,64,19,2026-06-30 20:00:49.794904
22978,W001,495,40,20,2026-06-30 20:00:49.794904
22997,W002,81,57,16,2026-06-30 20:00:49.794904
23005,W002,325,47,15,2026-06-30 20:00:49.794904
20837,W001,300,47,23,2026-06-30 20:00:49.794904
47341A,W001,66,35,25,2026-06-30 20:00:49.794904
37491D,W002,284,52,23,2026-06-30 20:00:49.794904
44092C,W002,36,31,10,2026-06-30 20:00:49.794904
79331,W001,327,75,25,2026-06-30 20:00:49.794904
44092B,W001,20,44,29,2026-06-30 20:00:49.794904
90065A,W002,60,80,25,2026-06-30 20:00:49.794904
90026D,W003,37,73,10,2026-06-30 20:00:49.794904
90000A,W002,389,59,13,2026-06-30 20:00:49.794904
90026C,W003,45,71,21,2026-06-30 20:00:49.794904
90026B,W002,88,56,23,2026-06-30 20:00:49.794904
35638A,W001,493,64,15,2026-06-30 20:00:49.794904
84691,W003,276,47,30,2026-06-30 20:00:49.794904
84796A,W002,66,56,30,2026-06-30 20:00:49.794904
85065,W002,297,52,27,2026-06-30 20:00:49.794904
84858C,W002,247,33,19,2026-06-30 20:00:49.794904
84466,W003,457,35,11,2026-06-30 20:00:49.794904
84687,W002,368,60,17,2026-06-30 20:00:49.794904
90100,W002,267,44,17,2026-06-30 20:00:49.794904
84809B,W003,375,65,10,2026-06-30 20:00:49.794904
72140E,W002,406,43,13,2026-06-30 20:00:49.794904
10080,W001,261,58,23,2026-06-30 20:00:49.794904
17001,W002,463,80,19,2026-06-30 20:00:49.794904
71050,W001,54,73,18,2026-06-30 20:00:49.794904
90124A,W002,182,58,25,2026-06-30 20:00:49.794904
90135,W002,422,72,25,2026-06-30 20:00:49.794904
90157,W001,470,75,24,2026-06-30 20:00:49.794904
90176A,W002,396,72,11,2026-06-30 20:00:49.794904
90176C,W002,216,80,14,2026-06-30 20:00:49.794904
90177A,W001,327,45,24,2026-06-30 20:00:49.794904
90187A,W003,260,53,12,2026-06-30 20:00:49.794904
90001A,W001,51,54,18,2026-06-30 20:00:49.794904
84802B,W001,406,62,12,2026-06-30 20:00:49.794904
84803B,W001,438,32,17,2026-06-30 20:00:49.794904
23182,W001,259,60,20,2026-06-30 20:00:49.794904
20796,W002,455,76,21,2026-06-30 20:00:49.794904
22979,W003,401,46,29,2026-06-30 20:00:49.794904
23177,W001,87,46,18,2026-06-30 20:00:49.794904
23193,W001,258,62,27,2026-06-30 20:00:49.794904
23194,W002,381,51,24,2026-06-30 20:00:49.794904
23176,W003,244,35,13,2026-06-30 20:00:49.794904
22982,W001,119,55,21,2026-06-30 20:00:49.794904
23126,W002,110,74,10,2026-06-30 20:00:49.794904
23127,W002,448,54,15,2026-06-30 20:00:49.794904
16020C,W001,361,80,10,2026-06-30 20:00:49.794904
90016C,W001,151,58,14,2026-06-30 20:00:49.794904
90025D,W003,83,62,15,2026-06-30 20:00:49.794904
23128,W001,465,47,14,2026-06-30 20:00:49.794904
23183,W001,323,47,10,2026-06-30 20:00:49.794904
23179,W001,133,68,27,2026-06-30 20:00:49.794904
23178,W002,177,61,21,2026-06-30 20:00:49.794904
22981,W001,358,59,14,2026-06-30 20:00:49.794904
37423,W002,439,60,16,2026-06-30 20:00:49.794904
23180,W001,485,41,15,2026-06-30 20:00:49.794904
23049,W001,278,59,26,2026-06-30 20:00:49.794904
23053,W002,479,37,12,2026-06-30 20:00:49.794904
23054,W003,180,46,30,2026-06-30 20:00:49.794904
23050,W003,394,53,24,2026-06-30 20:00:49.794904
23052,W003,25,67,23,2026-06-30 20:00:49.794904
23051,W002,360,49,11,2026-06-30 20:00:49.794904
79026B,W002,289,70,14,2026-06-30 20:00:49.794904
23185,W003,405,48,16,2026-06-30 20:00:49.794904
23184,W001,464,62,21,2026-06-30 20:00:49.794904
90084,W001,42,58,28,2026-06-30 20:00:49.794904
35607B,W001,270,61,20,2026-06-30 20:00:49.794904
90038C,W001,152,68,20,2026-06-30 20:00:49.794904
62096B,W002,137,62,18,2026-06-30 20:00:49.794904
84593,W003,280,59,30,2026-06-30 20:00:49.794904
16248B,W003,37,42,26,2026-06-30 20:00:49.794904
23181,W003,214,50,25,2026-06-30 20:00:49.794904
23187,W001,257,80,17,2026-06-30 20:00:49.794904
23186,W002,142,55,14,2026-06-30 20:00:49.794904
84086B,W002,169,73,10,2026-06-30 20:00:49.794904
23010,W003,83,47,30,2026-06-30 20:00:49.794904
23007,W003,436,63,10,2026-06-30 20:00:49.794904
35611B,W003,182,46,12,2026-06-30 20:00:49.794904
23009,W002,88,44,10,2026-06-30 20:00:49.794904
23008,W003,246,71,24,2026-06-30 20:00:49.794904
72140F,W002,477,75,25,2026-06-30 20:00:49.794904
16202A,W002,151,55,19,2026-06-30 20:00:49.794904
21395,W003,75,44,28,2026-06-30 20:00:49.794904
85098B,W001,175,33,12,2026-06-30 20:00:49.794904
84842,W002,345,45,16,2026-06-30 20:00:49.794904
16161G,W001,33,36,25,2026-06-30 20:00:49.794904
85132c,W003,448,80,16,2026-06-30 20:00:49.794904
16259,W003,267,30,17,2026-06-30 20:00:49.794904
47013A,W003,199,51,25,2026-06-30 20:00:49.794904
22687,W003,417,61,10,2026-06-30 20:00:49.794904
90075,W001,178,33,10,2026-06-30 20:00:49.794904
90068,W001,347,49,10,2026-06-30 20:00:49.794904
35910B,W001,339,33,21,2026-06-30 20:00:49.794904
84750A,W001,484,67,28,2026-06-30 20:00:49.794904
78033,W001,439,66,27,2026-06-30 20:00:49.794904
37488A,W002,21,62,26,2026-06-30 20:00:49.794904
85030,W003,126,48,29,2026-06-30 20:00:49.794904
21637,W003,499,47,14,2026-06-30 20:00:49.794904
47344B,W002,120,42,13,2026-06-30 20:00:49.794904
46126A,W001,74,37,22,2026-06-30 20:00:49.794904
90182B,W002,122,36,15,2026-06-30 20:00:49.794904
37330,W001,262,70,25,2026-06-30 20:00:49.794904
90124C,W003,420,31,21,2026-06-30 20:00:49.794904
90131,W003,34,58,22,2026-06-30 20:00:49.794904
85224,W003,443,70,14,2026-06-30 20:00:49.794904
72759,W003,79,76,11,2026-06-30 20:00:49.794904
72732,W003,166,73,18,2026-06-30 20:00:49.794904
23077,W003,266,51,19,2026-06-30 20:00:49.794904
23076,W002,161,50,30,2026-06-30 20:00:49.794904
23078,W003,296,48,23,2026-06-30 20:00:49.794904
21770,W002,32,62,29,2026-06-30 20:00:49.794904
47013C,W001,342,52,21,2026-06-30 20:00:49.794904
84548,W003,306,61,24,2026-06-30 20:00:49.794904
15030,W003,63,57,12,2026-06-30 20:00:49.794904
23159,W002,376,33,17,2026-06-30 20:00:49.794904
23154,W002,197,76,19,2026-06-30 20:00:49.794904
23156,W002,422,64,22,2026-06-30 20:00:49.794904
23155,W003,264,58,29,2026-06-30 20:00:49.794904
84569C,W001,308,57,12,2026-06-30 20:00:49.794904
23158,W003,25,39,22,2026-06-30 20:00:49.794904
85145,W003,240,34,17,2026-06-30 20:00:49.794904
21839,W001,221,70,20,2026-06-30 20:00:49.794904
85049b,W003,459,65,15,2026-06-30 20:00:49.794904
85049d,W003,453,43,12,2026-06-30 20:00:49.794904
84856S,W003,372,59,12,2026-06-30 20:00:49.794904
20821,W002,185,36,22,2026-06-30 20:00:49.794904
84743C,W003,332,57,18,2026-06-30 20:00:49.794904
23157,W003,153,69,20,2026-06-30 20:00:49.794904
84549,W001,29,47,22,2026-06-30 20:00:49.794904
90014C,W002,469,70,10,2026-06-30 20:00:49.794904
35649,W001,359,31,12,2026-06-30 20:00:49.794904
84686,W001,297,70,17,2026-06-30 20:00:49.794904
84576,W001,375,66,21,2026-06-30 20:00:49.794904
84877A,W001,475,74,21,2026-06-30 20:00:49.794904
84875D,W003,397,30,11,2026-06-30 20:00:49.794904
23254,W001,67,59,16,2026-06-30 20:00:49.794904
23256,W003,277,49,28,2026-06-30 20:00:49.794904
90024D,W003,432,40,14,2026-06-30 20:00:49.794904
23255,W003,344,52,20,2026-06-30 20:00:49.794904
22039,W003,436,79,19,2026-06-30 20:00:49.794904
90025A,W003,159,42,26,2026-06-30 20:00:49.794904
37487B,W002,148,60,21,2026-06-30 20:00:49.794904
84839,W002,288,70,13,2026-06-30 20:00:49.794904
23205,W001,104,65,12,2026-06-30 20:00:49.794904
23201,W001,116,39,12,2026-06-30 20:00:49.794904
23207,W002,340,77,27,2026-06-30 20:00:49.794904
23199,W001,449,33,19,2026-06-30 20:00:49.794904
23206,W003,38,57,28,2026-06-30 20:00:49.794904
23204,W002,141,49,25,2026-06-30 20:00:49.794904
23208,W003,407,50,21,2026-06-30 20:00:49.794904
44242B,W001,73,35,18,2026-06-30 20:00:49.794904
PADS,W001,382,32,26,2026-06-30 20:00:49.794904
85132b,W002,383,33,23,2026-06-30 20:00:49.794904
84510e,W001,130,73,20,2026-06-30 20:00:49.794904
84731,W003,252,57,12,2026-06-30 20:00:49.794904
23065,W003,54,44,22,2026-06-30 20:00:49.794904
16202B,W002,284,39,21,2026-06-30 20:00:49.794904
23060,W001,449,40,25,2026-06-30 20:00:49.794904
23057,W003,73,79,16,2026-06-30 20:00:49.794904
23253,W002,479,30,24,2026-06-30 20:00:49.794904
90181C,W001,113,77,20,2026-06-30 20:00:49.794904
23066,W002,235,54,16,2026-06-30 20:00:49.794904
23068,W001,344,74,26,2026-06-30 20:00:49.794904
23075,W002,286,50,29,2026-06-30 20:00:49.794904
23153,W001,34,31,17,2026-06-30 20:00:49.794904
90036C,W002,151,50,11,2026-06-30 20:00:49.794904
23073,W003,222,78,14,2026-06-30 20:00:49.794904
90135A,W001,226,42,14,2026-06-30 20:00:49.794904
90159,W001,106,55,22,2026-06-30 20:00:49.794904
23146,W001,49,52,25,2026-06-30 20:00:49.794904
23061,W002,432,69,21,2026-06-30 20:00:49.794904
20823,W003,408,37,19,2026-06-30 20:00:49.794904
20827,W003,184,63,16,2026-06-30 20:00:49.794904
23055,W002,30,30,27,2026-06-30 20:00:49.794904
23056,W002,60,38,18,2026-06-30 20:00:49.794904
20997,W003,33,55,10,2026-06-30 20:00:49.794904
23140,W003,402,74,17,2026-06-30 20:00:49.794904
23141,W003,460,67,14,2026-06-30 20:00:49.794904
23135,W003,245,31,12,2026-06-30 20:00:49.794904
23132,W003,182,40,27,2026-06-30 20:00:49.794904
23071,W001,411,66,24,2026-06-30 20:00:49.794904
23152,W003,101,73,15,2026-06-30 20:00:49.794904
23134,W003,386,73,28,2026-06-30 20:00:49.794904
23133,W003,471,78,28,2026-06-30 20:00:49.794904
23147,W002,226,50,20,2026-06-30 20:00:49.794904
23148,W003,360,39,28,2026-06-30 20:00:49.794904
23144,W001,449,53,20,2026-06-30 20:00:49.794904
23142,W001,180,37,16,2026-06-30 20:00:49.794904
23136,W001,25,60,21,2026-06-30 20:00:49.794904
23139,W003,30,40,15,2026-06-30 20:00:49.794904
23138,W003,332,41,20,2026-06-30 20:00:49.794904
23150,W001,482,80,20,2026-06-30 20:00:49.794904
23145,W002,70,48,26,2026-06-30 20:00:49.794904
90025B,W001,69,58,12,2026-06-30 20:00:49.794904
23137,W002,236,39,22,2026-06-30 20:00:49.794904
72024U,W001,44,58,26,2026-06-30 20:00:49.794904
16049,W003,28,77,26,2026-06-30 20:00:49.794904
23069,W003,365,48,30,2026-06-30 20:00:49.794904
16244B,W002,77,35,12,2026-06-30 20:00:49.794904
23131,W002,157,37,30,2026-06-30 20:00:49.794904
23067,W002,498,46,21,2026-06-30 20:00:49.794904
47341B,W002,476,38,10,2026-06-30 20:00:49.794904
90021,W001,393,36,15,2026-06-30 20:00:49.794904
23163,W002,313,52,28,2026-06-30 20:00:49.794904
23284,W002,39,34,11,2026-06-30 20:00:49.794904
23283,W002,308,46,12,2026-06-30 20:00:49.794904
23162,W003,195,31,30,2026-06-30 20:00:49.794904
84016,W002,478,33,13,2026-06-30 20:00:49.794904
DCGS0004,W003,48,46,10,2026-06-30 20:00:49.794904
20838,W003,44,34,22,2026-06-30 20:00:49.794904
72811,W001,485,70,10,2026-06-30 20:00:49.794904
23048,W001,428,73,24,2026-06-30 20:00:49.794904
23042,W003,435,53,28,2026-06-30 20:00:49.794904
23041,W002,166,42,18,2026-06-30 20:00:49.794904
23040,W003,122,48,22,2026-06-30 20:00:49.794904
23064,W003,147,35,14,2026-06-30 20:00:49.794904
85225,W002,140,46,27,2026-06-30 20:00:49.794904
37471,W003,408,71,30,2026-06-30 20:00:49.794904
23130,W002,155,63,30,2026-06-30 20:00:49.794904
84629,W002,212,52,25,2026-06-30 20:00:49.794904
22987,W002,343,49,22,2026-06-30 20:00:49.794904
20836,W001,391,50,22,2026-06-30 20:00:49.794904
23160,W001,455,30,27,2026-06-30 20:00:49.794904
23161,W001,162,79,22,2026-06-30 20:00:49.794904
23164,W003,273,35,30,2026-06-30 20:00:49.794904
23149,W002,20,55,19,2026-06-30 20:00:49.794904
84705C,W002,83,73,25,2026-06-30 20:00:49.794904
23143,W001,100,73,12,2026-06-30 20:00:49.794904
23299,W003,434,60,10,2026-06-30 20:00:49.794904
23298,W003,460,48,26,2026-06-30 20:00:49.794904
23070,W003,369,62,10,2026-06-30 20:00:49.794904
23151,W001,112,60,10,2026-06-30 20:00:49.794904
90058A,W003,389,62,30,2026-06-30 20:00:49.794904
23043,W003,427,35,11,2026-06-30 20:00:49.794904
23045,W003,357,42,16,2026-06-30 20:00:49.794904
20964,W003,350,46,28,2026-06-30 20:00:49.794904
23200,W001,429,40,28,2026-06-30 20:00:49.794904
23202,W002,79,49,18,2026-06-30 20:00:49.794904
23203,W002,408,67,22,2026-06-30 20:00:49.794904
84859B,W001,212,52,23,2026-06-30 20:00:49.794904
23209,W001,159,45,10,2026-06-30 20:00:49.794904
23072,W001,111,76,14,2026-06-30 20:00:49.794904
23046,W002,250,34,28,2026-06-30 20:00:49.794904
23047,W002,319,63,28,2026-06-30 20:00:49.794904
23044,W002,41,65,28,2026-06-30 20:00:49.794904
90036A,W003,266,48,15,2026-06-30 20:00:49.794904
90083,W002,214,47,21,2026-06-30 20:00:49.794904
23282,W002,125,44,10,2026-06-30 20:00:49.794904
23280,W002,301,62,18,2026-06-30 20:00:49.794904
23190,W001,28,57,14,2026-06-30 20:00:49.794904
23191,W002,249,43,12,2026-06-30 20:00:49.794904
23192,W001,391,59,15,2026-06-30 20:00:49.794904
23175,W002,432,71,13,2026-06-30 20:00:49.794904
23174,W001,46,77,28,2026-06-30 20:00:49.794904
23173,W003,376,67,28,2026-06-30 20:00:49.794904
23172,W001,204,37,18,2026-06-30 20:00:49.794904
23171,W002,62,71,10,2026-06-30 20:00:49.794904
23170,W001,302,36,18,2026-06-30 20:00:49.794904
23081,W003,456,67,18,2026-06-30 20:00:49.794904
23084,W002,23,43,12,2026-06-30 20:00:49.794904
23281,W001,41,32,28,2026-06-30 20:00:49.794904
84509g,W002,211,77,24,2026-06-30 20:00:49.794904
23118,W003,128,60,15,2026-06-30 20:00:49.794904
23096,W002,57,30,28,2026-06-30 20:00:49.794904
23091,W002,36,35,17,2026-06-30 20:00:49.794904
23094,W001,190,65,17,2026-06-30 20:00:49.794904
23108,W002,42,49,10,2026-06-30 20:00:49.794904
23080,W002,70,60,22,2026-06-30 20:00:49.794904
23110,W003,36,53,26,2026-06-30 20:00:49.794904
23059,W002,288,65,13,2026-06-30 20:00:49.794904
23100,W003,139,59,30,2026-06-30 20:00:49.794904
23102,W003,261,48,19,2026-06-30 20:00:49.794904
23082,W002,115,40,20,2026-06-30 20:00:49.794904
16151A,W003,223,43,25,2026-06-30 20:00:49.794904
23093,W001,453,31,10,2026-06-30 20:00:49.794904
23109,W002,267,45,27,2026-06-30 20:00:49.794904
23103,W002,188,62,25,2026-06-30 20:00:49.794904
23112,W003,453,33,30,2026-06-30 20:00:49.794904
23111,W002,159,76,30,2026-06-30 20:00:49.794904
23079,W001,69,79,11,2026-06-30 20:00:49.794904
23167,W003,65,60,21,2026-06-30 20:00:49.794904
23104,W003,315,40,29,2026-06-30 20:00:49.794904
23168,W003,23,34,28,2026-06-30 20:00:49.794904
23169,W002,334,61,15,2026-06-30 20:00:49.794904
23165,W003,392,52,19,2026-06-30 20:00:49.794904
23101,W002,311,39,11,2026-06-30 20:00:49.794904
23089,W002,332,52,17,2026-06-30 20:00:49.794904
23107,W003,59,79,23,2026-06-30 20:00:49.794904
23088,W003,425,47,13,2026-06-30 20:00:49.794904
23106,W001,455,55,17,2026-06-30 20:00:49.794904
23087,W001,415,63,10,2026-06-30 20:00:49.794904
90035C,W002,388,33,20,2026-06-30 20:00:49.794904
23083,W003,261,74,28,2026-06-30 20:00:49.794904
23301,W003,78,60,23,2026-06-30 20:00:49.794904
23300,W001,453,63,18,2026-06-30 20:00:49.794904
23302,W001,378,66,15,2026-06-30 20:00:49.794904
47574B,W002,470,36,21,2026-06-30 20:00:49.794904
23090,W001,399,53,25,2026-06-30 20:00:49.794904
23092,W002,265,42,21,2026-06-30 20:00:49.794904
23085,W003,480,56,12,2026-06-30 20:00:49.794904
23099,W003,379,57,24,2026-06-30 20:00:49.794904
23086,W003,85,71,16,2026-06-30 20:00:49.794904
84661a,W001,191,60,16,2026-06-30 20:00:49.794904
23129,W003,71,54,15,2026-06-30 20:00:49.794904
90081B,W002,328,60,21,2026-06-30 20:00:49.794904
84804B,W003,93,77,26,2026-06-30 20:00:49.794904
84984B,W001,173,74,17,2026-06-30 20:00:49.794904
84984A,W003,399,48,30,2026-06-30 20:00:49.794904
90149,W003,364,54,30,2026-06-30 20:00:49.794904
85034a,W002,470,76,17,2026-06-30 20:00:49.794904
21310,W003,117,34,12,2026-06-30 20:00:49.794904
90018C,W001,88,38,22,2026-06-30 20:00:49.794904
23228,W002,84,38,16,2026-06-30 20:00:49.794904
84596l,W003,500,67,17,2026-06-30 20:00:49.794904
23227,W002,257,55,17,2026-06-30 20:00:49.794904
20667,W003,346,59,17,2026-06-30 20:00:49.794904
23226,W002,474,33,21,2026-06-30 20:00:49.794904
23221,W001,474,41,11,2026-06-30 20:00:49.794904
84206C,W003,146,66,25,2026-06-30 20:00:49.794904
23214,W001,140,42,13,2026-06-30 20:00:49.794904
23215,W002,339,50,26,2026-06-30 20:00:49.794904
23210,W002,99,71,24,2026-06-30 20:00:49.794904
23213,W001,125,40,11,2026-06-30 20:00:49.794904
23212,W003,492,78,12,2026-06-30 20:00:49.794904
23219,W002,401,55,23,2026-06-30 20:00:49.794904
23224,W002,21,46,17,2026-06-30 20:00:49.794904
23211,W003,268,35,12,2026-06-30 20:00:49.794904
23216,W001,57,32,26,2026-06-30 20:00:49.794904
23217,W002,63,74,26,2026-06-30 20:00:49.794904
23225,W002,109,51,13,2026-06-30 20:00:49.794904
84660a,W001,229,72,23,2026-06-30 20:00:49.794904
84805B,W003,151,70,28,2026-06-30 20:00:49.794904
23275,W001,490,44,22,2026-06-30 20:00:49.794904
23263,W002,96,44,18,2026-06-30 20:00:49.794904
23309,W002,498,78,23,2026-06-30 20:00:49.794904
23270,W003,230,59,29,2026-06-30 20:00:49.794904
23307,W003,356,38,18,2026-06-30 20:00:49.794904
23306,W003,336,66,14,2026-06-30 20:00:49.794904
23308,W002,193,75,10,2026-06-30 20:00:49.794904
23273,W003,271,72,20,2026-06-30 20:00:49.794904
23274,W003,408,71,21,2026-06-30 20:00:49.794904
90025E,W003,342,45,25,2026-06-30 20:00:49.794904
21373,W002,189,55,11,2026-06-30 20:00:49.794904
16043,W001,211,59,24,2026-06-30 20:00:49.794904
90102,W002,85,79,23,2026-06-30 20:00:49.794904
23240,W002,102,61,25,2026-06-30 20:00:49.794904
23238,W001,446,40,17,2026-06-30 20:00:49.794904
20901,W001,199,48,17,2026-06-30 20:00:49.794904
23243,W001,173,56,27,2026-06-30 20:00:49.794904
84415A,W003,357,73,12,2026-06-30 20:00:49.794904
23245,W003,383,78,16,2026-06-30 20:00:49.794904
23239,W002,270,77,18,2026-06-30 20:00:49.794904
23236,W003,255,38,23,2026-06-30 20:00:49.794904
23235,W001,156,67,21,2026-06-30 20:00:49.794904
23241,W001,141,54,28,2026-06-30 20:00:49.794904
23242,W002,101,66,30,2026-06-30 20:00:49.794904
23247,W001,362,34,17,2026-06-30 20:00:49.794904
23244,W003,56,47,25,2026-06-30 20:00:49.794904
23237,W003,320,47,12,2026-06-30 20:00:49.794904
22950,W001,281,55,26,2026-06-30 20:00:49.794904
82613a,W002,57,74,20,2026-06-30 20:00:49.794904
35966,W001,401,64,15,2026-06-30 20:00:49.794904
23310,W002,45,34,19,2026-06-30 20:00:49.794904
23321,W002,327,59,27,2026-06-30 20:00:49.794904
23220,W001,392,37,27,2026-06-30 20:00:49.794904
23264,W002,198,63,28,2026-06-30 20:00:49.794904
23265,W001,120,54,22,2026-06-30 20:00:49.794904
23266,W002,205,68,28,2026-06-30 20:00:49.794904
84824,W003,21,79,14,2026-06-30 20:00:49.794904
23269,W001,262,47,25,2026-06-30 20:00:49.794904
23268,W002,480,80,15,2026-06-30 20:00:49.794904
23252,W001,408,80,23,2026-06-30 20:00:49.794904
23322,W001,69,75,24,2026-06-30 20:00:49.794904
77079,W001,50,63,18,2026-06-30 20:00:49.794904
23286,W002,111,41,17,2026-06-30 20:00:49.794904
23338,W003,66,39,17,2026-06-30 20:00:49.794904
23285,W001,283,62,20,2026-06-30 20:00:49.794904
23288,W001,167,67,11,2026-06-30 20:00:49.794904
23343,W002,217,34,13,2026-06-30 20:00:49.794904
90026A,W001,417,66,22,2026-06-30 20:00:49.794904
90036B,W003,75,48,13,2026-06-30 20:00:49.794904
90001B,W001,325,34,12,2026-06-30 20:00:49.794904
23271,W003,103,58,27,2026-06-30 20:00:49.794904
23335,W001,338,58,12,2026-06-30 20:00:49.794904
23339,W003,360,67,30,2026-06-30 20:00:49.794904
23336,W001,181,44,24,2026-06-30 20:00:49.794904
23337,W003,67,76,26,2026-06-30 20:00:49.794904
23292,W003,234,60,24,2026-06-30 20:00:49.794904
23291,W001,267,55,12,2026-06-30 20:00:49.794904
23289,W001,273,43,27,2026-06-30 20:00:49.794904
23290,W002,87,45,27,2026-06-30 20:00:49.794904
23287,W002,108,53,16,2026-06-30 20:00:49.794904
23188,W001,363,79,26,2026-06-30 20:00:49.794904
23251,W001,266,42,20,2026-06-30 20:00:49.794904
23249,W003,181,51,16,2026-06-30 20:00:49.794904
23250,W003,209,78,17,2026-06-30 20:00:49.794904
23229,W002,62,76,16,2026-06-30 20:00:49.794904
23234,W003,403,61,28,2026-06-30 20:00:49.794904
23012,W003,431,59,30,2026-06-30 20:00:49.794904
23014,W003,95,56,15,2026-06-30 20:00:49.794904
23035,W002,248,65,14,2026-06-30 20:00:49.794904
84551,W002,108,34,10,2026-06-30 20:00:49.794904
23020,W001,457,49,30,2026-06-30 20:00:49.794904
23032,W002,126,66,26,2026-06-30 20:00:49.794904
23028,W002,484,75,24,2026-06-30 20:00:49.794904
23031,W001,401,43,16,2026-06-30 20:00:49.794904
23029,W003,500,54,20,2026-06-30 20:00:49.794904
23033,W002,405,46,22,2026-06-30 20:00:49.794904
23034,W003,483,66,25,2026-06-30 20:00:49.794904
23013,W001,333,59,17,2026-06-30 20:00:49.794904
23344,W001,47,45,13,2026-06-30 20:00:49.794904
23022,W001,247,53,26,2026-06-30 20:00:49.794904
23113,W001,297,68,22,2026-06-30 20:00:49.794904
23016,W002,22,68,27,2026-06-30 20:00:49.794904
23026,W002,464,64,16,2026-06-30 20:00:49.794904
23119,W001,395,41,12,2026-06-30 20:00:49.794904
23015,W001,453,73,13,2026-06-30 20:00:49.794904
23123,W002,141,62,21,2026-06-30 20:00:49.794904
23122,W002,116,45,11,2026-06-30 20:00:49.794904
23120,W002,155,74,10,2026-06-30 20:00:49.794904
23121,W001,409,49,28,2026-06-30 20:00:49.794904
23124,W003,24,78,22,2026-06-30 20:00:49.794904
23125,W003,428,68,27,2026-06-30 20:00:49.794904
23039,W002,153,70,26,2026-06-30 20:00:49.794904
23021,W001,407,72,20,2026-06-30 20:00:49.794904
23023,W002,88,80,12,2026-06-30 20:00:49.794904
23114,W003,198,76,23,2026-06-30 20:00:49.794904
23115,W003,318,32,21,2026-06-30 20:00:49.794904
23116,W001,283,52,25,2026-06-30 20:00:49.794904
23117,W001,111,63,25,2026-06-30 20:00:49.794904
84679,W003,261,50,20,2026-06-30 20:00:49.794904
23019,W003,450,51,13,2026-06-30 20:00:49.794904
23272,W002,179,76,10,2026-06-30 20:00:49.794904
23036,W002,144,57,22,2026-06-30 20:00:49.794904
23198,W003,491,35,29,2026-06-30 20:00:49.794904
23027,W002,379,76,17,2026-06-30 20:00:49.794904
23024,W003,367,61,20,2026-06-30 20:00:49.794904
23223,W003,183,65,11,2026-06-30 20:00:49.794904
23222,W001,90,69,25,2026-06-30 20:00:49.794904
23197,W002,48,56,26,2026-06-30 20:00:49.794904
23196,W001,337,78,21,2026-06-30 20:00:49.794904
23267,W002,277,37,24,2026-06-30 20:00:49.794904
23323,W003,134,63,14,2026-06-30 20:00:49.794904
23315,W002,499,50,19,2026-06-30 20:00:49.794904
23316,W003,269,55,27,2026-06-30 20:00:49.794904
23342,W001,135,31,12,2026-06-30 20:00:49.794904
23341,W002,467,37,15,2026-06-30 20:00:49.794904
23037,W001,21,56,23,2026-06-30 20:00:49.794904
90176D,W001,276,41,11,2026-06-30 20:00:49.794904
23317,W003,467,47,25,2026-06-30 20:00:49.794904
23017,W003,85,50,12,2026-06-30 20:00:49.794904
23018,W003,409,34,20,2026-06-30 20:00:49.794904
23025,W003,28,62,30,2026-06-30 20:00:49.794904
23318,W003,253,77,18,2026-06-30 20:00:49.794904
90025F,W001,214,70,26,2026-06-30 20:00:49.794904
72802a,W002,341,36,24,2026-06-30 20:00:49.794904
81952B,W002,395,34,13,2026-06-30 20:00:49.794904
81952V,W002,348,48,22,2026-06-30 20:00:49.794904
81950B,W003,398,57,27,2026-06-30 20:00:49.794904
23320,W002,105,77,26,2026-06-30 20:00:49.794904
90011C,W003,307,63,12,2026-06-30 20:00:49.794904
23001,W002,372,32,19,2026-06-30 20:00:49.794904
23319,W001,191,74,28,2026-06-30 20:00:49.794904
90043,W003,439,32,15,2026-06-30 20:00:49.794904
90049,W003,111,68,22,2026-06-30 20:00:49.794904
90046,W003,435,33,19,2026-06-30 20:00:49.794904
90048,W002,179,36,20,2026-06-30 20:00:49.794904
72807c,W003,54,61,21,2026-06-30 20:00:49.794904
84706F,W001,193,32,20,2026-06-30 20:00:49.794904
44242A,W002,35,42,23,2026-06-30 20:00:49.794904
23038,W002,449,77,10,2026-06-30 20:00:49.794904
85036a,W002,442,75,11,2026-06-30 20:00:49.794904
23313,W001,238,47,28,2026-06-30 20:00:49.794904
23296,W001,74,68,26,2026-06-30 20:00:49.794904
23294,W002,413,66,17,2026-06-30 20:00:49.794904
23293,W002,99,67,11,2026-06-30 20:00:49.794904
23295,W003,291,30,12,2026-06-30 20:00:49.794904
23297,W001,311,36,30,2026-06-30 20:00:49.794904
90067B,W001,463,62,20,2026-06-30 20:00:49.794904
84924F,W002,327,56,15,2026-06-30 20:00:49.794904
81953B,W003,48,64,10,2026-06-30 20:00:49.794904
35638B,W002,146,75,27,2026-06-30 20:00:49.794904
23311,W001,161,74,30,2026-06-30 20:00:49.794904
23314,W003,31,59,25,2026-06-30 20:00:49.794904
90126C,W002,250,53,24,2026-06-30 20:00:49.794904
90127A,W003,159,59,26,2026-06-30 20:00:49.794904
23312,W003,430,70,26,2026-06-30 20:00:49.794904
90030A,W001,92,63,13,2026-06-30 20:00:49.794904
90141E,W001,268,70,29,2026-06-30 20:00:49.794904
23550,W002,195,55,30,2026-06-30 20:00:49.794904
23218,W001,132,41,26,2026-06-30 20:00:49.794904
37491B,W002,21,55,26,2026-06-30 20:00:49.794904
37491C,W001,395,72,18,2026-06-30 20:00:49.794904
90182A,W003,261,42,16,2026-06-30 20:00:49.794904
84402B,W001,417,56,22,2026-06-30 20:00:49.794904
23549,W003,322,42,10,2026-06-30 20:00:49.794904
23546,W003,392,59,18,2026-06-30 20:00:49.794904
84732D,W002,74,70,11,2026-06-30 20:00:49.794904
84732B,W003,134,57,29,2026-06-30 20:00:49.794904
23545,W002,484,50,17,2026-06-30 20:00:49.794904
23547,W003,358,32,26,2026-06-30 20:00:49.794904
23548,W002,102,78,13,2026-06-30 20:00:49.794904
90130A,W003,130,62,19,2026-06-30 20:00:49.794904
16169E,W002,345,54,17,2026-06-30 20:00:49.794904
23346,W001,85,66,21,2026-06-30 20:00:49.794904
23345,W002,195,80,27,2026-06-30 20:00:49.794904
23347,W002,136,72,18,2026-06-30 20:00:49.794904
DCGS0073,W002,434,63,16,2026-06-30 20:00:49.794904
DCGS0068,W003,150,68,13,2026-06-30 20:00:49.794904
DCGS0067,W003,459,56,26,2026-06-30 20:00:49.794904
84984D,W003,192,66,24,2026-06-30 20:00:49.794904
23340,W003,451,60,11,2026-06-30 20:00:49.794904
23360,W002,47,75,29,2026-06-30 20:00:49.794904
23359,W002,493,31,19,2026-06-30 20:00:49.794904
23373,W001,340,68,22,2026-06-30 20:00:49.794904
23436,W003,283,53,19,2026-06-30 20:00:49.794904
23353,W002,79,33,24,2026-06-30 20:00:49.794904
23354,W001,97,52,28,2026-06-30 20:00:49.794904
23374,W001,492,46,25,2026-06-30 20:00:49.794904
22016,W002,245,60,29,2026-06-30 20:00:49.794904
23438,W002,36,78,25,2026-06-30 20:00:49.794904
23189,W001,311,70,11,2026-06-30 20:00:49.794904
84963B,W002,154,61,27,2026-06-30 20:00:49.794904
23349,W003,169,44,18,2026-06-30 20:00:49.794904
23350,W003,86,80,20,2026-06-30 20:00:49.794904
23352,W003,37,40,11,2026-06-30 20:00:49.794904
23351,W003,20,54,28,2026-06-30 20:00:49.794904
23324,W001,471,72,19,2026-06-30 20:00:49.794904
90209A,W002,133,73,12,2026-06-30 20:00:49.794904
23332,W003,201,45,13,2026-06-30 20:00:49.794904
23329,W003,325,53,25,2026-06-30 20:00:49.794904
23330,W003,99,55,21,2026-06-30 20:00:49.794904
23334,W003,211,43,11,2026-06-30 20:00:49.794904
23333,W002,291,74,21,2026-06-30 20:00:49.794904
23328,W003,94,55,23,2026-06-30 20:00:49.794904
23331,W003,483,41,23,2026-06-30 20:00:49.794904
23327,W002,470,44,21,2026-06-30 20:00:49.794904
23326,W001,470,57,13,2026-06-30 20:00:49.794904
23325,W003,265,43,24,2026-06-30 20:00:49.794904
35816P,W001,140,36,21,2026-06-30 20:00:49.794904
B,W003,355,45,15,2026-06-30 20:00:49.794904
90052,W001,437,34,14,2026-06-30 20:00:49.794904
35597D,W001,97,45,29,2026-06-30 20:00:49.794904
23357,W001,500,49,19,2026-06-30 20:00:49.794904
23358,W001,56,62,23,2026-06-30 20:00:49.794904
23375,W003,415,57,21,2026-06-30 20:00:49.794904
23356,W002,83,56,28,2026-06-30 20:00:49.794904
84206A,W001,201,77,12,2026-06-30 20:00:49.794904
84201B,W002,313,62,29,2026-06-30 20:00:49.794904
23355,W001,346,39,21,2026-06-30 20:00:49.794904
90176E,W001,346,51,30,2026-06-30 20:00:49.794904
23437,W001,480,63,12,2026-06-30 20:00:49.794904
85184c,W003,321,59,13,2026-06-30 20:00:49.794904
23445,W001,454,52,27,2026-06-30 20:00:49.794904
23439,W002,335,53,19,2026-06-30 20:00:49.794904
23431,W001,65,59,21,2026-06-30 20:00:49.794904
23433,W002,121,65,11,2026-06-30 20:00:49.794904
84201C,W001,20,68,16,2026-06-30 20:00:49.794904
90020,W003,179,72,24,2026-06-30 20:00:49.794904
CRUK,W002,70,80,18,2026-06-30 20:00:49.794904
23432,W001,478,52,21,2026-06-30 20:00:49.794904
23376,W001,496,53,17,2026-06-30 20:00:49.794904
23378,W003,54,77,26,2026-06-30 20:00:49.794904
23551,W001,468,52,24,2026-06-30 20:00:49.794904
23620,W003,68,44,13,2026-06-30 20:00:49.794904
23623,W001,200,31,19,2026-06-30 20:00:49.794904
23634,W003,327,33,29,2026-06-30 20:00:49.794904
23396,W003,100,64,21,2026-06-30 20:00:49.794904
23395,W002,304,37,15,2026-06-30 20:00:49.794904
23394,W001,245,66,23,2026-06-30 20:00:49.794904
23407,W001,319,34,26,2026-06-30 20:00:49.794904
23393,W001,420,33,19,2026-06-30 20:00:49.794904
23427,W003,123,31,23,2026-06-30 20:00:49.794904
23397,W002,466,56,15,2026-06-30 20:00:49.794904
23377,W003,180,42,28,2026-06-30 20:00:49.794904
23399,W002,152,49,29,2026-06-30 20:00:49.794904
23411,W003,151,66,14,2026-06-30 20:00:49.794904
23398,W001,421,46,20,2026-06-30 20:00:49.794904
23425,W002,22,44,15,2026-06-30 20:00:49.794904
23414,W003,176,50,28,2026-06-30 20:00:49.794904
23424,W003,77,37,16,2026-06-30 20:00:49.794904
23404,W002,476,30,22,2026-06-30 20:00:49.794904
23406,W001,157,74,29,2026-06-30 20:00:49.794904
23405,W003,341,51,15,2026-06-30 20:00:49.794904
23379,W002,104,65,25,2026-06-30 20:00:49.794904
23381,W003,480,51,14,2026-06-30 20:00:49.794904
23380,W003,183,78,26,2026-06-30 20:00:49.794904
23402,W001,321,80,18,2026-06-30 20:00:49.794904
23403,W001,391,67,25,2026-06-30 20:00:49.794904
23426,W003,198,39,24,2026-06-30 20:00:49.794904
23412,W002,274,80,28,2026-06-30 20:00:49.794904
23392,W001,316,49,11,2026-06-30 20:00:49.794904
23400,W003,127,60,29,2026-06-30 20:00:49.794904
23614,W003,402,52,20,2026-06-30 20:00:49.794904
23637,W002,26,54,22,2026-06-30 20:00:49.794904
23415,W001,185,46,16,2026-06-30 20:00:49.794904
23417,W001,303,77,29,2026-06-30 20:00:49.794904
23413,W001,388,76,16,2026-06-30 20:00:49.794904
23409,W001,356,65,22,2026-06-30 20:00:49.794904
23640,W002,447,52,21,2026-06-30 20:00:49.794904
23408,W002,214,73,22,2026-06-30 20:00:49.794904
23401,W003,283,80,21,2026-06-30 20:00:49.794904
23422,W001,341,35,17,2026-06-30 20:00:49.794904
23613,W002,180,35,17,2026-06-30 20:00:49.794904
23646,W002,366,67,11,2026-06-30 20:00:49.794904
23410,W001,319,74,20,2026-06-30 20:00:49.794904
23559,W003,165,74,11,2026-06-30 20:00:49.794904
23423,W001,40,47,28,2026-06-30 20:00:49.794904
23421,W003,305,56,15,2026-06-30 20:00:49.794904
23435,W003,394,33,24,2026-06-30 20:00:49.794904
23418,W002,282,42,19,2026-06-30 20:00:49.794904
23419,W001,149,51,30,2026-06-30 20:00:49.794904
23434,W003,357,71,19,2026-06-30 20:00:49.794904
23391,W001,196,36,12,2026-06-30 20:00:49.794904
23390,W001,351,75,27,2026-06-30 20:00:49.794904
23389,W003,401,46,29,2026-06-30 20:00:49.794904
23074,W003,304,71,16,2026-06-30 20:00:49.794904
23388,W001,274,77,19,2026-06-30 20:00:49.794904
23416,W002,172,44,14,2026-06-30 20:00:49.794904
23611,W003,499,34,30,2026-06-30 20:00:49.794904
23607,W003,455,34,22,2026-06-30 20:00:49.794904
23058,W001,317,60,21,2026-06-30 20:00:49.794904
23420,W002,86,43,18,2026-06-30 20:00:49.794904
23625,W003,337,48,11,2026-06-30 20:00:49.794904
23639,W003,345,56,27,2026-06-30 20:00:49.794904
35598C,W002,53,38,30,2026-06-30 20:00:49.794904
15060b,W002,335,73,19,2026-06-30 20:00:49.794904
23629,W003,411,70,27,2026-06-30 20:00:49.794904
23630,W003,100,33,19,2026-06-30 20:00:49.794904
23503,W003,461,67,11,2026-06-30 20:00:49.794904
23366,W001,399,40,28,2026-06-30 20:00:49.794904
23367,W002,308,36,16,2026-06-30 20:00:49.794904
23504,W002,340,80,23,2026-06-30 20:00:49.794904
23371,W002,167,45,19,2026-06-30 20:00:49.794904
23506,W001,251,77,15,2026-06-30 20:00:49.794904
23502,W001,83,30,12,2026-06-30 20:00:49.794904
23370,W001,81,72,11,2026-06-30 20:00:49.794904
23493,W001,185,56,28,2026-06-30 20:00:49.794904
23365,W001,34,46,28,2026-06-30 20:00:49.794904
23369,W001,108,44,16,2026-06-30 20:00:49.794904
23520,W001,126,45,14,2026-06-30 20:00:49.794904
23511,W002,445,66,16,2026-06-30 20:00:49.794904
23517,W003,496,75,13,2026-06-30 20:00:49.794904
23368,W003,350,66,23,2026-06-30 20:00:49.794904
23505,W002,496,53,20,2026-06-30 20:00:49.794904
23372,W001,372,58,29,2026-06-30 20:00:49.794904
23512,W001,463,35,26,2026-06-30 20:00:49.794904
23515,W003,232,50,26,2026-06-30 20:00:49.794904
23514,W003,116,40,26,2026-06-30 20:00:49.794904
23518,W002,99,64,24,2026-06-30 20:00:49.794904
23510,W001,230,71,29,2026-06-30 20:00:49.794904
23508,W003,483,30,25,2026-06-30 20:00:49.794904
23509,W003,208,56,23,2026-06-30 20:00:49.794904
23507,W001,453,43,27,2026-06-30 20:00:49.794904
23513,W002,392,32,17,2026-06-30 20:00:49.794904
23624,W002,455,55,27,2026-06-30 20:00:49.794904
20935,W002,374,52,15,2026-06-30 20:00:49.794904
20678,W003,199,66,28,2026-06-30 20:00:49.794904
23610,W001,410,33,23,2026-06-30 20:00:49.794904
23601,W002,170,77,24,2026-06-30 20:00:49.794904
23632,W002,314,56,11,2026-06-30 20:00:49.794904
23516,W003,434,63,26,2026-06-30 20:00:49.794904
23519,W002,369,70,26,2026-06-30 20:00:49.794904
23494,W002,34,69,22,2026-06-30 20:00:49.794904
23638,W001,304,68,17,2026-06-30 20:00:49.794904
23650,W001,181,32,12,2026-06-30 20:00:49.794904
23461,W001,63,78,30,2026-06-30 20:00:49.794904
23466,W001,233,44,29,2026-06-30 20:00:49.794904
23469,W003,41,58,23,2026-06-30 20:00:49.794904
23484,W003,108,60,23,2026-06-30 20:00:49.794904
23471,W002,278,71,30,2026-06-30 20:00:49.794904
23644,W002,447,39,25,2026-06-30 20:00:49.794904
23472,W003,426,73,11,2026-06-30 20:00:49.794904
23470,W003,389,54,28,2026-06-30 20:00:49.794904
23524,W003,48,54,18,2026-06-30 20:00:49.794904
23535,W002,35,32,14,2026-06-30 20:00:49.794904
23534,W001,191,73,22,2026-06-30 20:00:49.794904
23541,W003,467,67,23,2026-06-30 20:00:49.794904
23525,W001,420,68,30,2026-06-30 20:00:49.794904
23532,W001,384,43,13,2026-06-30 20:00:49.794904
23539,W002,289,79,17,2026-06-30 20:00:49.794904
23522,W002,239,56,13,2026-06-30 20:00:49.794904
23526,W003,468,32,13,2026-06-30 20:00:49.794904
23533,W001,75,71,21,2026-06-30 20:00:49.794904
23542,W001,394,79,26,2026-06-30 20:00:49.794904
23528,W003,310,56,13,2026-06-30 20:00:49.794904
23543,W001,108,30,24,2026-06-30 20:00:49.794904
23530,W002,254,63,21,2026-06-30 20:00:49.794904
23538,W003,163,76,26,2026-06-30 20:00:49.794904
23521,W002,406,65,17,2026-06-30 20:00:49.794904
23523,W003,479,63,10,2026-06-30 20:00:49.794904
23531,W001,128,59,23,2026-06-30 20:00:49.794904
23527,W001,373,66,10,2026-06-30 20:00:49.794904
23483,W003,88,36,16,2026-06-30 20:00:49.794904
23529,W001,20,54,21,2026-06-30 20:00:49.794904
23536,W001,88,66,12,2026-06-30 20:00:49.794904
23544,W001,336,63,28,2026-06-30 20:00:49.794904
23540,W001,34,68,30,2026-06-30 20:00:49.794904
23537,W001,460,67,23,2026-06-30 20:00:49.794904
23604,W003,200,33,11,2026-06-30 20:00:49.794904
23626,W003,87,78,13,2026-06-30 20:00:49.794904
23500,W001,106,36,11,2026-06-30 20:00:49.794904
23465,W001,251,55,15,2026-06-30 20:00:49.794904
23501,W001,283,57,13,2026-06-30 20:00:49.794904
23605,W002,387,71,29,2026-06-30 20:00:49.794904
23619,W001,232,50,13,2026-06-30 20:00:49.794904
23635,W002,281,62,13,2026-06-30 20:00:49.794904
23612,W003,37,74,23,2026-06-30 20:00:49.794904
23468,W001,308,31,27,2026-06-30 20:00:49.794904
79157V,W001,495,56,13,2026-06-30 20:00:49.794904
90189A,W003,167,56,26,2026-06-30 20:00:49.794904
23448,W002,134,60,20,2026-06-30 20:00:49.794904
23447,W002,358,35,20,2026-06-30 20:00:49.794904
23446,W001,108,64,29,2026-06-30 20:00:49.794904
85115B,W001,394,64,29,2026-06-30 20:00:49.794904
90065B,W003,418,65,23,2026-06-30 20:00:49.794904
23382,W003,91,41,25,2026-06-30 20:00:49.794904
23660,W002,147,79,13,2026-06-30 20:00:49.794904
23661,W001,247,39,28,2026-06-30 20:00:49.794904
23564,W001,155,76,26,2026-06-30 20:00:49.794904
23567,W001,433,63,22,2026-06-30 20:00:49.794904
23487,W003,496,60,23,2026-06-30 20:00:49.794904
23490,W001,260,47,14,2026-06-30 20:00:49.794904
23453,W003,238,72,19,2026-06-30 20:00:49.794904
23452,W002,104,71,23,2026-06-30 20:00:49.794904
23451,W002,365,67,10,2026-06-30 20:00:49.794904
23482,W002,416,55,22,2026-06-30 20:00:49.794904
23603,W001,222,37,29,2026-06-30 20:00:49.794904
23459,W003,93,67,25,2026-06-30 20:00:49.794904
23565,W002,149,75,23,2026-06-30 20:00:49.794904
23456,W001,100,73,19,2026-06-30 20:00:49.794904
23463,W003,143,76,21,2026-06-30 20:00:49.794904
23464,W003,445,32,14,2026-06-30 20:00:49.794904
23457,W003,393,49,28,2026-06-30 20:00:49.794904
23455,W002,63,44,11,2026-06-30 20:00:49.794904
23568,W002,173,43,26,2026-06-30 20:00:49.794904
84661b,W002,199,50,14,2026-06-30 20:00:49.794904
23566,W002,359,42,12,2026-06-30 20:00:49.794904
23467,W003,324,58,28,2026-06-30 20:00:49.794904
23479,W001,142,74,13,2026-06-30 20:00:49.794904
23481,W001,160,68,15,2026-06-30 20:00:49.794904
23458,W003,111,76,30,2026-06-30 20:00:49.794904
23579,W003,213,48,11,2026-06-30 20:00:49.794904
23558,W001,152,62,18,2026-06-30 20:00:49.794904
23556,W001,169,59,15,2026-06-30 20:00:49.794904
23554,W002,309,42,12,2026-06-30 20:00:49.794904
23557,W002,142,50,22,2026-06-30 20:00:49.794904
23555,W001,392,55,20,2026-06-30 20:00:49.794904
23480,W002,34,48,27,2026-06-30 20:00:49.794904
23553,W002,308,58,19,2026-06-30 20:00:49.794904
23489,W003,388,46,25,2026-06-30 20:00:49.794904
23491,W002,149,42,26,2026-06-30 20:00:49.794904
23492,W003,111,71,20,2026-06-30 20:00:49.794904
23477,W001,277,70,19,2026-06-30 20:00:49.794904
23478,W001,196,65,17,2026-06-30 20:00:49.794904
23476,W002,135,58,16,2026-06-30 20:00:49.794904
23486,W001,352,51,29,2026-06-30 20:00:49.794904
23473,W001,346,65,20,2026-06-30 20:00:49.794904
23460,W003,91,41,22,2026-06-30 20:00:49.794904
23462,W003,269,53,28,2026-06-30 20:00:49.794904
23499,W003,220,51,13,2026-06-30 20:00:49.794904
23485,W002,256,77,17,2026-06-30 20:00:49.794904
23570,W001,312,66,22,2026-06-30 20:00:49.794904
23454,W002,412,49,25,2026-06-30 20:00:49.794904
23571,W002,367,51,30,2026-06-30 20:00:49.794904
23569,W002,193,70,11,2026-06-30 20:00:49.794904
23305,W001,342,40,25,2026-06-30 20:00:49.794904
23474,W003,140,36,23,2026-06-30 20:00:49.794904
23636,W002,281,55,30,2026-06-30 20:00:49.794904
23582,W003,51,69,22,2026-06-30 20:00:49.794904
23583,W001,46,30,22,2026-06-30 20:00:49.794904
23581,W002,236,64,25,2026-06-30 20:00:49.794904
79157B,W003,264,45,23,2026-06-30 20:00:49.794904
23595,W002,373,39,14,2026-06-30 20:00:49.794904
23303,W001,108,47,17,2026-06-30 20:00:49.794904
23475,W003,410,31,28,2026-06-30 20:00:49.794904
23615,W003,82,73,16,2026-06-30 20:00:49.794904
23645,W001,486,70,20,2026-06-30 20:00:49.794904
23654,W002,466,30,17,2026-06-30 20:00:49.794904
35600A,W002,493,71,28,2026-06-30 20:00:49.794904
23497,W003,483,52,16,2026-06-30 20:00:49.794904
23304,W002,450,35,29,2026-06-30 20:00:49.794904
23495,W003,136,40,24,2026-06-30 20:00:49.794904
23496,W003,242,58,22,2026-06-30 20:00:49.794904
23628,W003,91,62,21,2026-06-30 20:00:49.794904
23633,W002,395,37,16,2026-06-30 20:00:49.794904
23643,W003,386,70,10,2026-06-30 20:00:49.794904
46776a,W002,418,51,15,2026-06-30 20:00:49.794904
46776b,W002,42,50,30,2026-06-30 20:00:49.794904
46776e,W003,223,64,30,2026-06-30 20:00:49.794904
46776f,W002,60,38,25,2026-06-30 20:00:49.794904
47593b,W003,390,37,11,2026-06-30 20:00:49.794904
51014c,W002,288,53,26,2026-06-30 20:00:49.794904
84031a,W003,446,74,17,2026-06-30 20:00:49.794904
84031b,W001,402,42,10,2026-06-30 20:00:49.794904
90183c,W002,470,76,23,2026-06-30 20:00:49.794904
90184c,W001,124,31,17,2026-06-30 20:00:49.794904
79323G,W002,335,58,24,2026-06-30 20:00:49.794904
79323GR,W003,358,40,18,2026-06-30 20:00:49.794904
79323LP,W003,66,45,22,2026-06-30 20:00:49.794904
79323S,W001,362,30,24,2026-06-30 20:00:49.794904
79341,W003,446,67,29,2026-06-30 20:00:49.794904
79342B,W002,443,58,18,2026-06-30 20:00:49.794904
47016,W001,436,60,24,2026-06-30 20:00:49.794904
23691,W001,301,37,23,2026-06-30 20:00:49.794904
90069,W003,479,52,12,2026-06-30 20:00:49.794904
23608,W002,106,55,26,2026-06-30 20:00:49.794904
23681,W002,438,39,30,2026-06-30 20:00:49.794904
72783,W002,291,49,10,2026-06-30 20:00:49.794904
90162A,W003,276,55,22,2026-06-30 20:00:49.794904
23692,W001,279,41,27,2026-06-30 20:00:49.794904
23695,W002,254,60,19,2026-06-30 20:00:49.794904
23697,W001,464,66,12,2026-06-30 20:00:49.794904
23616,W003,132,80,15,2026-06-30 20:00:49.794904
23598,W003,46,47,18,2026-06-30 20:00:49.794904
23597,W001,191,43,25,2026-06-30 20:00:49.794904
23621,W001,148,31,23,2026-06-30 20:00:49.794904
23627,W002,216,42,10,2026-06-30 20:00:49.794904
23602,W001,462,37,23,2026-06-30 20:00:49.794904
23664,W001,226,39,21,2026-06-30 20:00:49.794904
17191A,W001,363,52,19,2026-06-30 20:00:49.794904
23694,W002,52,79,17,2026-06-30 20:00:49.794904
23649,W001,456,80,12,2026-06-30 20:00:49.794904
23442,W001,41,37,16,2026-06-30 20:00:49.794904
23449,W003,271,56,30,2026-06-30 20:00:49.794904
23428,W002,351,52,10,2026-06-30 20:00:49.794904
23652,W001,493,33,14,2026-06-30 20:00:49.794904
84206B,W001,473,56,19,2026-06-30 20:00:49.794904
23430,W001,364,79,22,2026-06-30 20:00:49.794904
23429,W003,220,66,22,2026-06-30 20:00:49.794904
90179B,W003,229,50,25,2026-06-30 20:00:49.794904
23441,W003,364,75,20,2026-06-30 20:00:49.794904
72802c,W003,179,63,24,2026-06-30 20:00:49.794904
85049c,W002,81,61,14,2026-06-30 20:00:49.794904
23440,W001,245,57,12,2026-06-30 20:00:49.794904
23552,W003,370,66,12,2026-06-30 20:00:49.794904
23498,W001,305,33,15,2026-06-30 20:00:49.794904
84550,W002,48,78,18,2026-06-30 20:00:49.794904
84971l,W001,20,33,22,2026-06-30 20:00:49.794904
85034b,W002,56,67,22,2026-06-30 20:00:49.794904
23578,W002,141,77,14,2026-06-30 20:00:49.794904
23580,W002,138,47,27,2026-06-30 20:00:49.794904
23575,W003,147,36,30,2026-06-30 20:00:49.794904
23560,W003,207,44,16,2026-06-30 20:00:49.794904
23576,W001,136,31,12,2026-06-30 20:00:49.794904
23562,W002,265,77,23,2026-06-30 20:00:49.794904
23561,W002,198,61,15,2026-06-30 20:00:49.794904
23609,W001,356,49,22,2026-06-30 20:00:49.794904
85179a,W002,387,30,15,2026-06-30 20:00:49.794904
23617,W001,493,53,12,2026-06-30 20:00:49.794904
90214U,W001,260,30,18,2026-06-30 20:00:49.794904
47591b,W003,25,59,30,2026-06-30 20:00:49.794904
23843,W001,436,57,28,2026-06-30 20:00:49.794904
